{"stats":{"minecraft:crafted":{"minecraft:black_dye":1,"minecraft:oak_planks":472,"minecraft:oak_sign":3,"minecraft:barrel":7,"minecraft:cooked_chicken":4,"minecraft:stone":192,"minecraft:spruce_pressure_plate":5,"minecraft:cooked_mutton":8,"minecraft:green_dye":1,"minecraft:quartz_block":1,"minecraft:glass":17,"minecraft:bow":1,"minecraft:chest":7,"minecraft:stone_hoe":1,"minecraft:stone_bricks":124,"minecraft:cooked_rabbit":1,"minecraft:oak_slab":6,"minecraft:wooden_shovel":1,"minecraft:arrow":44,"minecraft:cooked_porkchop":12,"minecraft:crafting_table":4,"minecraft:spruce_planks":372,"minecraft:wooden_pickaxe":1,"minecraft:baked_potato":129,"minecraft:oak_wood":3,"minecraft:stone_brick_stairs":24,"minecraft:lime_bed":1,"minecraft:wooden_hoe":1,"minecraft:stick":120,"minecraft:iron_ingot":102,"minecraft:iron_pickaxe":3,"minecraft:iron_block":1,"minecraft:stone_sword":2,"minecraft:gold_ingot":58,"minecraft:wooden_sword":1,"minecraft:oak_door":6,"minecraft:stone_shovel":2,"minecraft:furnace":2,"minecraft:bone_meal":180,"minecraft:oak_trapdoor":2,"minecraft:glass_pane":16,"minecraft:spruce_stairs":160,"minecraft:iron_axe":3,"minecraft:ladder":6,"minecraft:spruce_slab":144,"minecraft:lime_dye":2,"minecraft:stone_pickaxe":5,"minecraft:cooked_beef":31,"minecraft:iron_sword":1,"minecraft:cooked_salmon":5,"minecraft:stone_axe":2,"minecraft:air":0,"minecraft:white_dye":1,"minecraft:wooden_axe":1,"minecraft:iron_shovel":3,"minecraft:anvil":1,"minecraft:torch":266},"minecraft:used":{"minecraft:iron_shovel":638,"minecraft:spruce_slab":93,"minecraft:ladder":10,"minecraft:oak_sign":3,"minecraft:chest":23,"minecraft:stone":11,"minecraft:iron_sword":312,"minecraft:tuff":13,"minecraft:glass":8,"minecraft:stone_brick_stairs":18,"minecraft:stone_bricks":74,"minecraft:furnace":27,"minecraft:stone_pickaxe":517,"minecraft:oak_planks":371,"minecraft:cactus":2,"minecraft:wooden_pickaxe":60,"minecraft:sand":12,"minecraft:blast_furnace":2,"minecraft:note_block":1,"minecraft:bread":5,"minecraft:gravel":12,"minecraft:wooden_sword":20,"minecraft:cooked_rabbit":1,"minecraft:andesite":7,"minecraft:golden_pickaxe":16,"minecraft:stone_sword":65,"minecraft:stone_shovel":150,"minecraft:spruce_planks":19,"minecraft:wooden_shovel":32,"minecraft:cooked_salmon":11,"minecraft:oak_door":18,"minecraft:torch":142,"minecraft:brewing_stand":3,"minecraft:dirt":198,"minecraft:anvil":2,"minecraft:spruce_stairs":239,"minecraft:granite":18,"minecraft:wooden_axe":2,"minecraft:iron_axe":595,"minecraft:barrel":9,"minecraft:goat_horn":2,"minecraft:cobbled_deepslate":64,"minecraft:cooked_mutton":8,"minecraft:baked_potato":37,"minecraft:lime_bed":1,"minecraft:crafting_table":7,"minecraft:red_bed":2,"minecraft:cod":2,"minecraft:spruce_log":1,"minecraft:smoker":5,"minecraft:oak_log":98,"minecraft:flower_pot":1,"minecraft:iron_pickaxe":1104,"minecraft:spruce_pressure_plate":8,"minecraft:stone_axe":77,"minecraft:cobblestone":396,"minecraft:glass_pane":16,"minecraft:yellow_bed":1,"minecraft:stripped_oak_log":1,"minecraft:smooth_stone":1},"minecraft:mined":{"minecraft:spruce_planks":1,"minecraft:brewing_stand":3,"minecraft:granite":49,"minecraft:grass_block":189,"minecraft:soul_soil":11,"minecraft:oak_wall_sign":3,"minecraft:smooth_stone":1,"minecraft:iron_ore":99,"minecraft:cobbled_deepslate":1,"minecraft:barrel":2,"minecraft:pumpkin":33,"minecraft:deepslate_lapis_ore":1,"minecraft:anvil":1,"minecraft:pointed_dripstone":9,"minecraft:spruce_pressure_plate":3,"minecraft:spruce_slab":46,"minecraft:deepslate_redstone_ore":23,"minecraft:red_bed":2,"minecraft:smoker":5,"minecraft:clay":1,"minecraft:torch":12,"minecraft:note_block":1,"minecraft:blast_furnace":2,"minecraft:chest":18,"minecraft:glass":8,"minecraft:cobblestone":50,"minecraft:sugar_cane":3,"minecraft:oak_planks":120,"minecraft:wall_torch":18,"minecraft:grass":187,"minecraft:oak_log":94,"minecraft:sand":29,"minecraft:dirt":365,"minecraft:oak_leaves":36,"minecraft:deepslate":43,"minecraft:tuff":27,"minecraft:oak_door":5,"minecraft:ladder":5,"minecraft:spruce_leaves":171,"minecraft:cartography_table":1,"minecraft:furnace":20,"minecraft:andesite":63,"minecraft:deepslate_iron_ore":2,"minecraft:lantern":1,"minecraft:stripped_oak_log":1,"minecraft:stone":1003,"minecraft:stone_brick_slab":1,"minecraft:dandelion":2,"minecraft:crafting_table":3,"minecraft:emerald_ore":1,"minecraft:tall_grass":11,"minecraft:copper_ore":61,"minecraft:deepslate_coal_ore":4,"minecraft:lapis_ore":8,"minecraft:deepslate_gold_ore":8,"minecraft:diorite":69,"minecraft:spruce_stairs":95,"minecraft:cactus":1,"minecraft:ice":1,"minecraft:white_carpet":3,"minecraft:spruce_log":32,"minecraft:bee_nest":1,"minecraft:yellow_bed":1,"minecraft:coal_ore":93,"minecraft:cherry_leaves":11,"minecraft:gravel":105,"minecraft:dripstone_block":3,"minecraft:stone_bricks":8,"minecraft:gold_ore":9},"minecraft:killed_by":{"minecraft:ghast":1},"minecraft:broken":{"minecraft:iron_shovel":2,"minecraft:stone_pickaxe":3,"minecraft:stone_shovel":1,"minecraft:wooden_pickaxe":1,"minecraft:iron_axe":2,"minecraft:iron_pickaxe":4,"minecraft:iron_helmet":1},"minecraft:killed":{"minecraft:spider":12,"minecraft:skeleton":13,"minecraft:pig":8,"minecraft:salmon":3,"minecraft:zombie":44,"minecraft:stray":1,"minecraft:rabbit":2,"minecraft:bat":2,"minecraft:polar_bear":1},"minecraft:custom":{"minecraft:interact_with_crafting_table":123,"minecraft:open_barrel":87,"minecraft:leave_game":7,"minecraft:time_since_death":291932,"minecraft:sprint_one_cm":537267,"minecraft:drop":38,"minecraft:play_noteblock":8,"minecraft:talked_to_villager":4,"minecraft:play_time":831703,"minecraft:deaths":2,"minecraft:jump":3468,"minecraft:interact_with_brewingstand":1,"minecraft:walk_on_water_one_cm":59263,"minecraft:interact_with_furnace":195,"minecraft:interact_with_cartography_table":1,"minecraft:sleep_in_bed":15,"minecraft:damage_dealt":14266,"minecraft:crouch_one_cm":31115,"minecraft:interact_with_smoker":29,"minecraft:horse_one_cm":1589748,"minecraft:mob_kills":87,"minecraft:interact_with_anvil":1,"minecraft:climb_one_cm":11056,"minecraft:walk_one_cm":1843201,"minecraft:sneak_time":11545,"minecraft:walk_under_water_one_cm":56912,"minecraft:interact_with_blast_furnace":17,"minecraft:total_world_time":831703,"minecraft:tune_noteblock":38,"minecraft:pot_flower":1,"minecraft:time_since_rest":17190,"minecraft:damage_taken":3461,"minecraft:swim_one_cm":8952,"minecraft:fly_one_cm":125680,"minecraft:open_chest":715,"minecraft:fall_one_cm":46600},"minecraft:picked_up":{"minecraft:wooden_axe":1,"minecraft:iron_chestplate":3,"minecraft:wheat":105,"minecraft:redstone_block":19,"minecraft:flower_pot":1,"minecraft:anvil":1,"minecraft:smithing_table":1,"minecraft:lead":2,"minecraft:golden_shovel":1,"minecraft:nether_brick":4,"minecraft:stone_brick_stairs":12,"minecraft:brewing_stand":3,"minecraft:lapis_block":30,"minecraft:string":50,"minecraft:soul_soil":9,"minecraft:raw_copper":723,"minecraft:cooked_salmon":1,"minecraft:iron_leggings":3,"minecraft:shroomlight":2,"minecraft:oak_sign":4,"minecraft:cobbled_deepslate":732,"minecraft:gold_nugget":16,"minecraft:smooth_stone":10,"minecraft:spruce_planks":1,"minecraft:redstone_torch":2,"minecraft:wooden_shovel":2,"minecraft:iron_pickaxe":6,"minecraft:melon_slice":140,"minecraft:iron_boots":3,"minecraft:furnace":23,"minecraft:spruce_pressure_plate":3,"minecraft:tipped_arrow":3,"minecraft:stick":31,"minecraft:torch":191,"minecraft:spruce_stairs":95,"minecraft:porkchop":15,"minecraft:golden_axe":3,"minecraft:pointed_dripstone":35,"minecraft:diorite":151,"minecraft:cauldron":1,"minecraft:stone_sword":1,"minecraft:cactus":3,"minecraft:rotten_flesh":157,"minecraft:iron_block":10,"minecraft:obsidian":1,"minecraft:iron_bars":4,"minecraft:cod":2,"minecraft:snowball":78,"minecraft:cobblestone":1707,"minecraft:feather":11,"minecraft:cooked_beef":33,"minecraft:water_bucket":1,"minecraft:andesite":189,"minecraft:copper_block":20,"minecraft:smoker":5,"minecraft:potato":178,"minecraft:flint":35,"minecraft:tuff":54,"minecraft:lantern":4,"minecraft:lapis_lazuli":95,"minecraft:dirt":835,"minecraft:name_tag":2,"minecraft:glass":27,"minecraft:bone":78,"minecraft:bow":1,"minecraft:wheat_seeds":281,"minecraft:raw_gold":17,"minecraft:rabbit":7,"minecraft:fletching_table":1,"minecraft:mossy_stone_bricks":4,"minecraft:glowstone_dust":35,"minecraft:stone_hoe":1,"minecraft:oak_planks":135,"minecraft:cooked_porkchop":2,"minecraft:poisonous_potato":11,"minecraft:sand":29,"minecraft:ink_sac":3,"minecraft:grass_block":1,"minecraft:barrel":2,"minecraft:iron_hoe":1,"minecraft:diamond":1,"minecraft:granite":85,"minecraft:bone_meal":230,"minecraft:golden_apple":4,"minecraft:emerald":19,"minecraft:bread":42,"minecraft:oak_sapling":9,"minecraft:netherrack":15,"minecraft:diamond_pickaxe":1,"minecraft:crafting_table":5,"minecraft:azure_bluet":6,"minecraft:splash_potion":1,"minecraft:chicken":1,"minecraft:ladder":5,"minecraft:clay_ball":4,"minecraft:golden_pickaxe":1,"minecraft:wooden_pickaxe":1,"minecraft:gold_block":16,"minecraft:oak_trapdoor":1,"minecraft:red_bed":3,"minecraft:wooden_sword":1,"minecraft:iron_axe":3,"minecraft:flint_and_steel":2,"minecraft:white_carpet":6,"minecraft:iron_shovel":6,"minecraft:cartography_table":2,"minecraft:beef":5,"minecraft:iron_nugget":13,"minecraft:spruce_slab":47,"minecraft:lectern":1,"minecraft:sugar_cane":184,"minecraft:chest":18,"minecraft:egg":18,"minecraft:raw_iron":97,"minecraft:stone":188,"minecraft:oak_door":14,"minecraft:note_block":1,"minecraft:fire_charge":3,"minecraft:carrot":3,"minecraft:redstone":158,"minecraft:iron_horse_armor":1,"minecraft:arrow":29,"minecraft:stone_shovel":2,"minecraft:beetroot_seeds":6,"minecraft:golden_hoe":1,"minecraft:hay_block":64,"minecraft:gold_ingot":12,"minecraft:mutton":5,"minecraft:white_wool":7,"minecraft:bone_block":2,"minecraft:oxeye_daisy":7,"minecraft:stripped_oak_log":1,"minecraft:glow_ink_sac":1,"minecraft:crimson_stem":6,"minecraft:salmon":4,"minecraft:leather":11,"minecraft:yellow_dye":5,"minecraft:crimson_fungus":1,"minecraft:oak_log":250,"minecraft:nether_wart_block":8,"minecraft:golden_boots":2,"minecraft:yellow_bed":1,"minecraft:gunpowder":10,"minecraft:wooden_hoe":1,"minecraft:paper":5,"minecraft:cooked_mutton":1,"minecraft:red_carpet":2,"minecraft:apple":2,"minecraft:stone_bricks":18,"minecraft:kelp":48,"minecraft:rabbit_hide":2,"minecraft:iron_ingot":19,"minecraft:stone_pickaxe":4,"minecraft:cooked_chicken":2,"minecraft:iron_sword":8,"minecraft:soul_sand":6,"minecraft:oak_slab":4,"minecraft:warped_fungus":1,"minecraft:pumpkin":136,"minecraft:stone_brick_slab":2,"minecraft:quartz":13,"minecraft:dandelion":4,"minecraft:dripstone_block":34,"minecraft:gravel":167,"minecraft:spruce_sapling":57,"minecraft:blast_furnace":3,"minecraft:spruce_log":78,"minecraft:crying_obsidian":4,"minecraft:spider_eye":7,"minecraft:oak_wood":3,"minecraft:slime_ball":7,"minecraft:stone_axe":2,"minecraft:iron_helmet":4,"minecraft:gray_wool":1,"minecraft:baked_potato":276,"minecraft:melon_seeds":8,"minecraft:coal":168},"minecraft:dropped":{"minecraft:iron_sword":2,"minecraft:oak_log":3,"minecraft:dirt":1,"minecraft:bone_meal":51,"minecraft:iron_pickaxe":2,"minecraft:stone_axe":1,"minecraft:rotten_flesh":4,"minecraft:azure_bluet":2,"minecraft:carrot":1,"minecraft:glass":18,"minecraft:egg":6,"minecraft:iron_ingot":3,"minecraft:wheat_seeds":2,"minecraft:poisonous_potato":4,"minecraft:cobblestone":64,"minecraft:lead":1,"minecraft:torch":130,"minecraft:melon_slice":14,"minecraft:cooked_salmon":1,"minecraft:pumpkin":36,"minecraft:iron_shovel":1,"minecraft:stone_sword":1,"minecraft:stone_shovel":1,"minecraft:spider_eye":1,"minecraft:stone_pickaxe":2,"minecraft:wooden_pickaxe":1}},"DataVersion":3465}