{"stats":{"minecraft:used":{"minecraft:iron_shovel":2422,"minecraft:spruce_slab":97,"minecraft:ladder":10,"minecraft:oak_sign":12,"minecraft:smooth_sandstone_stairs":146,"minecraft:chest":41,"minecraft:stone":32,"minecraft:iron_sword":541,"minecraft:carrot":2,"minecraft:tuff":13,"minecraft:glass":8,"minecraft:spruce_boat":1,"minecraft:stripped_dark_oak_wood":9,"minecraft:lantern":2,"minecraft:birch_sapling":7,"minecraft:polished_andesite_stairs":86,"minecraft:dark_oak_wood":166,"minecraft:dark_oak_slab":41,"minecraft:stone_brick_stairs":110,"minecraft:stone_bricks":86,"minecraft:birch_trapdoor":42,"minecraft:dark_oak_boat":1,"minecraft:oak_sapling":36,"minecraft:furnace":33,"minecraft:dark_oak_stairs":34,"minecraft:oak_planks":558,"minecraft:stone_pickaxe":517,"minecraft:dark_oak_sign":15,"minecraft:cactus":2,"minecraft:wooden_pickaxe":60,"minecraft:sugar_cane":22,"minecraft:diamond_axe":172,"minecraft:oak_leaves":7,"minecraft:dark_oak_trapdoor":62,"minecraft:sand":32,"minecraft:blast_furnace":2,"minecraft:note_block":1,"minecraft:shears":11,"minecraft:dark_oak_log":23,"minecraft:bread":5,"minecraft:string":3,"minecraft:warped_slab":2,"minecraft:gravel":12,"minecraft:wooden_sword":20,"minecraft:cooked_rabbit":1,"minecraft:andesite":7,"minecraft:bone_meal":34,"minecraft:golden_pickaxe":16,"minecraft:oak_fence":17,"minecraft:stone_sword":115,"minecraft:stone_shovel":360,"minecraft:spruce_planks":19,"minecraft:ender_chest":11,"minecraft:cooked_salmon":11,"minecraft:wooden_shovel":32,"minecraft:cooked_chicken":1,"minecraft:sandstone_wall":2,"minecraft:oak_door":26,"minecraft:torch":294,"minecraft:brewing_stand":3,"minecraft:dirt":1991,"minecraft:anvil":2,"minecraft:spruce_stairs":254,"minecraft:oak_wood":3,"minecraft:granite":18,"minecraft:spruce_fence":3,"minecraft:dark_oak_planks":262,"minecraft:wooden_axe":2,"minecraft:iron_axe":1942,"minecraft:oak_stairs":15,"minecraft:smooth_sandstone":53,"minecraft:barrel":32,"minecraft:warped_stairs":105,"minecraft:goat_horn":2,"minecraft:cobbled_deepslate":64,"minecraft:cooked_mutton":8,"minecraft:water_bucket":21,"minecraft:polished_andesite":81,"minecraft:baked_potato":113,"minecraft:cauldron":2,"minecraft:stripped_dark_oak_log":3,"minecraft:lime_bed":1,"minecraft:oak_slab":33,"minecraft:crafting_table":15,"minecraft:red_bed":2,"minecraft:dark_oak_fence_gate":81,"minecraft:white_bed":2,"minecraft:cod":2,"minecraft:spruce_log":1,"minecraft:warped_planks":77,"minecraft:smoker":7,"minecraft:oak_log":287,"minecraft:flower_pot":1,"minecraft:diamond_pickaxe":117,"minecraft:apple":1,"minecraft:diamond_shovel":32,"minecraft:spruce_pressure_plate":8,"minecraft:iron_pickaxe":1206,"minecraft:spruce_trapdoor":14,"minecraft:spruce_sapling":5,"minecraft:stone_axe":205,"minecraft:cobblestone":396,"minecraft:bucket":21,"minecraft:glass_pane":16,"minecraft:yellow_bed":1,"minecraft:stripped_oak_log":1,"minecraft:smooth_stone":1},"minecraft:mined":{"minecraft:dark_oak_planks":144,"minecraft:spruce_planks":1,"minecraft:white_bed":4,"minecraft:spruce_trapdoor":4,"minecraft:brewing_stand":4,"minecraft:warped_stairs":1,"minecraft:granite":52,"minecraft:grass_block":867,"minecraft:soul_soil":11,"minecraft:oak_wall_sign":5,"minecraft:smooth_stone":1,"minecraft:dark_oak_trapdoor":7,"minecraft:iron_ore":99,"minecraft:barrel":12,"minecraft:fire":1,"minecraft:cobbled_deepslate":1,"minecraft:pumpkin":33,"minecraft:anvil":1,"minecraft:deepslate_lapis_ore":1,"minecraft:stripped_dark_oak_wood":11,"minecraft:dark_oak_stairs":8,"minecraft:enchanting_table":1,"minecraft:pointed_dripstone":9,"minecraft:oak_sign":2,"minecraft:dirt_path":68,"minecraft:spruce_pressure_plate":3,"minecraft:smooth_sandstone_stairs":10,"minecraft:spruce_slab":48,"minecraft:tripwire":2,"minecraft:deepslate_redstone_ore":23,"minecraft:red_bed":2,"minecraft:smoker":5,"minecraft:clay":1,"minecraft:torch":74,"minecraft:note_block":2,"minecraft:blast_furnace":3,"minecraft:polished_andesite_stairs":15,"minecraft:chest":35,"minecraft:glass":8,"minecraft:cobblestone":51,"minecraft:oak_planks":187,"minecraft:sugar_cane":65,"minecraft:wall_torch":37,"minecraft:birch_sapling":1,"minecraft:dark_oak_slab":7,"minecraft:warped_planks":1,"minecraft:birch_log":25,"minecraft:birch_trapdoor":10,"minecraft:stone_brick_stairs":28,"minecraft:grass":425,"minecraft:oak_log":410,"minecraft:sand":337,"minecraft:dirt":874,"minecraft:oak_leaves":260,"minecraft:deepslate":43,"minecraft:tuff":27,"minecraft:oak_door":10,"minecraft:dark_oak_log":2,"minecraft:dark_oak_fence":4,"minecraft:ladder":11,"minecraft:spruce_leaves":216,"minecraft:cartography_table":1,"minecraft:spruce_sapling":1,"minecraft:furnace":28,"minecraft:andesite":63,"minecraft:dark_oak_fence_gate":4,"minecraft:bookshelf":15,"minecraft:shroomlight":13,"minecraft:deepslate_iron_ore":2,"minecraft:warped_stem":232,"minecraft:lantern":1,"minecraft:stripped_oak_log":3,"minecraft:stone":1048,"minecraft:ender_chest":11,"minecraft:smithing_table":1,"minecraft:oak_slab":2,"minecraft:stripped_dark_oak_log":1,"minecraft:stone_brick_slab":1,"minecraft:dandelion":2,"minecraft:oak_fence":2,"minecraft:smooth_sandstone":9,"minecraft:crafting_table":8,"minecraft:emerald_ore":1,"minecraft:oak_wood":1,"minecraft:warped_roots":2,"minecraft:copper_ore":61,"minecraft:tall_grass":33,"minecraft:deepslate_coal_ore":4,"minecraft:lapis_ore":8,"minecraft:deepslate_gold_ore":8,"minecraft:diorite":69,"minecraft:warped_wart_block":11,"minecraft:spruce_stairs":100,"minecraft:cactus":1,"minecraft:dark_oak_wall_sign":2,"minecraft:white_carpet":3,"minecraft:ice":1,"minecraft:spruce_log":64,"minecraft:birch_leaves":44,"minecraft:bee_nest":1,"minecraft:yellow_bed":1,"minecraft:coal_ore":93,"minecraft:cherry_leaves":11,"minecraft:gravel":108,"minecraft:dripstone_block":3,"minecraft:polished_andesite":6,"minecraft:stone_bricks":68,"minecraft:gold_ore":9,"minecraft:chipped_anvil":1,"minecraft:warped_slab":1},"minecraft:broken":{"minecraft:golden_helmet":1,"minecraft:iron_shovel":8,"minecraft:golden_boots":1,"minecraft:iron_boots":1,"minecraft:iron_leggings":1,"minecraft:stone_pickaxe":3,"minecraft:iron_sword":1,"minecraft:stone_shovel":3,"minecraft:wooden_pickaxe":1,"minecraft:iron_axe":8,"minecraft:iron_pickaxe":4,"minecraft:iron_helmet":1},"minecraft:crafted":{"minecraft:black_dye":1,"minecraft:oak_planks":748,"minecraft:barrel":20,"minecraft:oak_sign":6,"minecraft:dark_oak_boat":1,"minecraft:dark_oak_wood":168,"minecraft:cooked_chicken":5,"minecraft:stone":192,"minecraft:bookshelf":16,"minecraft:cooked_mutton":10,"minecraft:spruce_pressure_plate":5,"minecraft:warped_planks":368,"minecraft:green_dye":1,"minecraft:quartz_block":1,"minecraft:glass":23,"minecraft:bow":1,"minecraft:chest":8,"minecraft:stone_hoe":1,"minecraft:stone_bricks":244,"minecraft:oak_fence":15,"minecraft:cooked_rabbit":1,"minecraft:smoker":2,"minecraft:warped_stairs":148,"minecraft:oak_slab":120,"minecraft:wooden_shovel":1,"minecraft:arrow":44,"minecraft:cauldron":2,"minecraft:cooked_porkchop":12,"minecraft:crafting_table":8,"minecraft:spruce_planks":476,"minecraft:wooden_pickaxe":1,"minecraft:baked_potato":129,"minecraft:oak_wood":51,"minecraft:birch_planks":100,"minecraft:stone_brick_stairs":108,"minecraft:spruce_trapdoor":14,"minecraft:lime_bed":1,"minecraft:dark_oak_slab":310,"minecraft:iron_chestplate":1,"minecraft:wooden_hoe":1,"minecraft:stick":188,"minecraft:iron_ingot":156,"minecraft:iron_pickaxe":3,"minecraft:iron_block":1,"minecraft:stone_sword":2,"minecraft:gold_ingot":67,"minecraft:sandstone":65,"minecraft:dark_oak_fence_gate":87,"minecraft:shears":1,"minecraft:wooden_sword":1,"minecraft:oak_door":6,"minecraft:stone_shovel":2,"minecraft:iron_nugget":18,"minecraft:furnace":2,"minecraft:dark_oak_trapdoor":140,"minecraft:dark_oak_sign":15,"minecraft:bone_meal":378,"minecraft:spruce_fence":3,"minecraft:glass_pane":16,"minecraft:oak_trapdoor":2,"minecraft:flint_and_steel":1,"minecraft:lantern":2,"minecraft:spruce_stairs":176,"minecraft:iron_axe":9,"minecraft:ladder":6,"minecraft:spruce_slab":144,"minecraft:lime_dye":2,"minecraft:stone_pickaxe":5,"minecraft:spruce_boat":1,"minecraft:dark_oak_planks":1172,"minecraft:golden_helmet":1,"minecraft:cooked_beef":31,"minecraft:smooth_sandstone_stairs":100,"minecraft:dark_oak_stairs":48,"minecraft:iron_sword":1,"minecraft:smooth_sandstone":193,"minecraft:cooked_salmon":7,"minecraft:bucket":1,"minecraft:stone_axe":2,"minecraft:air":0,"minecraft:sandstone_wall":6,"minecraft:white_dye":1,"minecraft:oak_stairs":44,"minecraft:birch_trapdoor":32,"minecraft:wooden_axe":1,"minecraft:iron_shovel":9,"minecraft:iron_leggings":1,"minecraft:anvil":1,"minecraft:torch":330},"minecraft:custom":{"minecraft:interact_with_crafting_table":270,"minecraft:open_barrel":260,"minecraft:leave_game":14,"minecraft:time_since_death":217531,"minecraft:sprint_one_cm":1730545,"minecraft:drop":93,"minecraft:play_noteblock":9,"minecraft:talked_to_villager":4,"minecraft:play_time":1524099,"minecraft:deaths":4,"minecraft:jump":5598,"minecraft:interact_with_brewingstand":1,"minecraft:walk_on_water_one_cm":89703,"minecraft:interact_with_furnace":348,"minecraft:interact_with_cartography_table":1,"minecraft:sleep_in_bed":28,"minecraft:open_enderchest":43,"minecraft:damage_dealt":24881,"minecraft:crouch_one_cm":102606,"minecraft:interact_with_smoker":41,"minecraft:horse_one_cm":1616608,"minecraft:interact_with_smithing_table":1,"minecraft:interact_with_anvil":1,"minecraft:mob_kills":143,"minecraft:climb_one_cm":28216,"minecraft:walk_one_cm":3856595,"minecraft:sneak_time":32179,"minecraft:walk_under_water_one_cm":91530,"minecraft:boat_one_cm":78615,"minecraft:interact_with_blast_furnace":29,"minecraft:total_world_time":1524099,"minecraft:tune_noteblock":38,"minecraft:pot_flower":2,"minecraft:time_since_rest":69053,"minecraft:damage_taken":6722,"minecraft:swim_one_cm":13025,"minecraft:fly_one_cm":240829,"minecraft:open_chest":1387,"minecraft:fall_one_cm":76408},"minecraft:picked_up":{"minecraft:wooden_axe":1,"minecraft:iron_chestplate":4,"minecraft:wheat":105,"minecraft:redstone_block":19,"minecraft:ender_chest":13,"minecraft:anvil":1,"minecraft:flower_pot":1,"minecraft:smithing_table":2,"minecraft:lead":2,"minecraft:golden_shovel":1,"minecraft:nether_brick":4,"minecraft:stone_brick_stairs":66,"minecraft:brewing_stand":4,"minecraft:warped_stairs":1,"minecraft:lapis_block":30,"minecraft:music_disc_cat":1,"minecraft:string":52,"minecraft:dark_oak_trapdoor":7,"minecraft:soul_soil":9,"minecraft:raw_copper":723,"minecraft:cooked_salmon":1,"minecraft:iron_leggings":4,"minecraft:shroomlight":26,"minecraft:oak_sign":11,"minecraft:diamond_leggings":1,"minecraft:smooth_stone":10,"minecraft:gold_nugget":16,"minecraft:cobbled_deepslate":732,"minecraft:spruce_planks":1,"minecraft:redstone_torch":2,"minecraft:warped_slab":5,"minecraft:wooden_shovel":2,"minecraft:iron_pickaxe":7,"minecraft:melon_slice":140,"minecraft:iron_boots":5,"minecraft:furnace":31,"minecraft:tipped_arrow":3,"minecraft:golden_helmet":1,"minecraft:spruce_pressure_plate":3,"minecraft:stick":379,"minecraft:birch_trapdoor":10,"minecraft:oak_fence":2,"minecraft:torch":366,"minecraft:spruce_stairs":102,"minecraft:porkchop":15,"minecraft:golden_axe":3,"minecraft:pointed_dripstone":35,"minecraft:diorite":151,"minecraft:warped_planks":1,"minecraft:cauldron":1,"minecraft:stone_sword":5,"minecraft:cactus":3,"minecraft:rotten_flesh":245,"minecraft:iron_block":21,"minecraft:obsidian":1,"minecraft:iron_bars":4,"minecraft:cod":2,"minecraft:snowball":78,"minecraft:cobblestone":1732,"minecraft:birch_log":25,"minecraft:enchanting_table":1,"minecraft:feather":13,"minecraft:cooked_beef":33,"minecraft:water_bucket":1,"minecraft:andesite":189,"minecraft:copper_block":20,"minecraft:smoker":5,"minecraft:potato":178,"minecraft:flint":59,"minecraft:tuff":54,"minecraft:smooth_sandstone_stairs":29,"minecraft:lapis_lazuli":95,"minecraft:dirt":2361,"minecraft:lantern":4,"minecraft:name_tag":2,"minecraft:glass":27,"minecraft:bone":90,"minecraft:chipped_anvil":1,"minecraft:bow":1,"minecraft:wheat_seeds":327,"minecraft:raw_gold":17,"minecraft:dark_oak_sign":2,"minecraft:mossy_stone_bricks":4,"minecraft:fletching_table":1,"minecraft:rabbit":7,"minecraft:glowstone_dust":105,"minecraft:oak_planks":202,"minecraft:stone_hoe":1,"minecraft:cooked_porkchop":2,"minecraft:warped_wart_block":24,"minecraft:poisonous_potato":11,"minecraft:sand":337,"minecraft:ink_sac":6,"minecraft:grass_block":1,"minecraft:dark_oak_log":2,"minecraft:barrel":12,"minecraft:iron_hoe":1,"minecraft:polished_andesite":6,"minecraft:diamond":1,"minecraft:deepslate":2,"minecraft:granite":88,"minecraft:bone_meal":230,"minecraft:golden_apple":4,"minecraft:emerald":19,"minecraft:bread":42,"minecraft:oak_sapling":72,"minecraft:dark_oak_fence":4,"minecraft:netherrack":15,"minecraft:oak_leaves":7,"minecraft:diamond_pickaxe":5,"minecraft:crafting_table":11,"minecraft:azure_bluet":6,"minecraft:splash_potion":1,"minecraft:chicken":2,"minecraft:ladder":11,"minecraft:clay_ball":4,"minecraft:golden_pickaxe":1,"minecraft:wooden_pickaxe":1,"minecraft:gold_block":16,"minecraft:cornflower":1,"minecraft:oak_trapdoor":1,"minecraft:red_bed":3,"minecraft:iron_axe":6,"minecraft:wooden_sword":1,"minecraft:flint_and_steel":2,"minecraft:white_carpet":6,"minecraft:iron_shovel":8,"minecraft:cartography_table":2,"minecraft:beef":5,"minecraft:iron_nugget":13,"minecraft:spruce_slab":49,"minecraft:lectern":1,"minecraft:sugar_cane":279,"minecraft:chest":36,"minecraft:birch_sapling":8,"minecraft:spruce_trapdoor":4,"minecraft:egg":21,"minecraft:raw_iron":97,"minecraft:stone":284,"minecraft:oak_door":22,"minecraft:glow_item_frame":2,"minecraft:note_block":2,"minecraft:fire_charge":3,"minecraft:carrot":6,"minecraft:redstone":158,"minecraft:iron_horse_armor":1,"minecraft:dark_oak_planks":133,"minecraft:arrow":32,"minecraft:stone_shovel":5,"minecraft:diamond_chestplate":2,"minecraft:beetroot_seeds":6,"minecraft:golden_hoe":1,"minecraft:hay_block":64,"minecraft:stripped_dark_oak_wood":9,"minecraft:gold_ingot":12,"minecraft:mutton":5,"minecraft:white_wool":7,"minecraft:bone_block":2,"minecraft:oxeye_daisy":7,"minecraft:stripped_oak_log":3,"minecraft:glow_ink_sac":1,"minecraft:crimson_stem":6,"minecraft:salmon":4,"minecraft:leather":11,"minecraft:yellow_dye":5,"minecraft:crimson_fungus":1,"minecraft:oak_log":566,"minecraft:golden_boots":2,"minecraft:yellow_bed":1,"minecraft:nether_wart_block":8,"minecraft:gunpowder":12,"minecraft:wooden_hoe":1,"minecraft:paper":5,"minecraft:cooked_mutton":1,"minecraft:smooth_sandstone":10,"minecraft:red_carpet":2,"minecraft:apple":10,"minecraft:stone_bricks":87,"minecraft:kelp":48,"minecraft:warped_stem":458,"minecraft:rabbit_hide":2,"minecraft:iron_ingot":59,"minecraft:stone_pickaxe":4,"minecraft:cooked_chicken":2,"minecraft:iron_sword":15,"minecraft:soul_sand":6,"minecraft:dark_oak_stairs":8,"minecraft:music_disc_chirp":1,"minecraft:book":45,"minecraft:oak_slab":7,"minecraft:polished_andesite_stairs":15,"minecraft:nether_quartz_ore":2,"minecraft:warped_fungus":1,"minecraft:dark_oak_slab":12,"minecraft:pumpkin":136,"minecraft:stone_brick_slab":2,"minecraft:quartz":13,"minecraft:dandelion":4,"minecraft:dripstone_block":34,"minecraft:gravel":226,"minecraft:amethyst_shard":2,"minecraft:spruce_sapling":61,"minecraft:blast_furnace":4,"minecraft:white_bed":2,"minecraft:spruce_log":109,"minecraft:crying_obsidian":4,"minecraft:dark_oak_fence_gate":5,"minecraft:spider_eye":8,"minecraft:oak_wood":4,"minecraft:diamond_shovel":2,"minecraft:slime_ball":7,"minecraft:stone_axe":2,"minecraft:iron_helmet":6,"minecraft:diamond_axe":2,"minecraft:gray_wool":1,"minecraft:warped_roots":4,"minecraft:baked_potato":353,"minecraft:melon_seeds":8,"minecraft:stripped_dark_oak_log":1,"minecraft:coal":170},"minecraft:dropped":{"minecraft:iron_sword":4,"minecraft:diamond_axe":1,"minecraft:oak_log":3,"minecraft:baked_potato":1,"minecraft:crafting_table":1,"minecraft:flint":22,"minecraft:dirt":163,"minecraft:bone_meal":51,"minecraft:iron_pickaxe":2,"minecraft:gravel":76,"minecraft:stone_axe":1,"minecraft:rotten_flesh":38,"minecraft:oak_planks":1,"minecraft:diamond_shovel":1,"minecraft:glowstone_dust":70,"minecraft:azure_bluet":2,"minecraft:dark_oak_fence_gate":1,"minecraft:carrot":1,"minecraft:chest":1,"minecraft:glass":18,"minecraft:egg":6,"minecraft:iron_ingot":6,"minecraft:wheat_seeds":2,"minecraft:poisonous_potato":4,"minecraft:lead":1,"minecraft:cobblestone":64,"minecraft:spruce_stairs":2,"minecraft:stick":8,"minecraft:torch":156,"minecraft:melon_slice":14,"minecraft:cooked_salmon":1,"minecraft:pumpkin":36,"minecraft:iron_shovel":1,"minecraft:string":2,"minecraft:stone_sword":1,"minecraft:deepslate":1,"minecraft:stone_shovel":2,"minecraft:stone":64,"minecraft:diamond_pickaxe":1,"minecraft:iron_chestplate":1,"minecraft:spider_eye":1,"minecraft:stone_pickaxe":4,"minecraft:wooden_pickaxe":1},"minecraft:killed_by":{"minecraft:ghast":1,"minecraft:piglin":1,"minecraft:skeleton":1},"minecraft:killed":{"minecraft:spider":15,"minecraft:skeleton":18,"minecraft:chicken":1,"minecraft:pig":8,"minecraft:salmon":3,"minecraft:zombie":83,"minecraft:stray":1,"minecraft:ghast":1,"minecraft:blaze":1,"minecraft:rabbit":2,"minecraft:bat":2,"minecraft:squid":1,"minecraft:polar_bear":1,"minecraft:wither_skeleton":2}},"DataVersion":3465}