{"stats":{"minecraft:used":{"minecraft:iron_shovel":1953,"minecraft:spruce_slab":95,"minecraft:ladder":10,"minecraft:oak_sign":12,"minecraft:chest":32,"minecraft:stone":32,"minecraft:iron_sword":499,"minecraft:smooth_sandstone_stairs":113,"minecraft:carrot":2,"minecraft:tuff":13,"minecraft:glass":8,"minecraft:spruce_boat":1,"minecraft:stripped_dark_oak_wood":9,"minecraft:polished_andesite_stairs":86,"minecraft:dark_oak_wood":166,"minecraft:dark_oak_slab":36,"minecraft:stone_brick_stairs":110,"minecraft:stone_bricks":86,"minecraft:oak_sapling":36,"minecraft:furnace":31,"minecraft:oak_planks":553,"minecraft:stone_pickaxe":517,"minecraft:cactus":2,"minecraft:wooden_pickaxe":60,"minecraft:oak_leaves":7,"minecraft:dark_oak_trapdoor":62,"minecraft:sand":12,"minecraft:blast_furnace":2,"minecraft:note_block":1,"minecraft:shears":11,"minecraft:dark_oak_log":21,"minecraft:bread":5,"minecraft:string":3,"minecraft:warped_slab":2,"minecraft:gravel":12,"minecraft:wooden_sword":20,"minecraft:cooked_rabbit":1,"minecraft:andesite":7,"minecraft:golden_pickaxe":16,"minecraft:oak_fence":9,"minecraft:stone_sword":98,"minecraft:stone_shovel":360,"minecraft:spruce_planks":19,"minecraft:ender_chest":10,"minecraft:wooden_shovel":32,"minecraft:cooked_salmon":11,"minecraft:cooked_chicken":1,"minecraft:oak_door":26,"minecraft:torch":249,"minecraft:brewing_stand":3,"minecraft:dirt":1741,"minecraft:anvil":2,"minecraft:spruce_stairs":245,"minecraft:oak_wood":3,"minecraft:granite":18,"minecraft:dark_oak_planks":11,"minecraft:wooden_axe":2,"minecraft:iron_axe":1802,"minecraft:oak_stairs":10,"minecraft:smooth_sandstone":16,"minecraft:barrel":30,"minecraft:warped_stairs":105,"minecraft:goat_horn":2,"minecraft:cobbled_deepslate":64,"minecraft:cooked_mutton":8,"minecraft:water_bucket":2,"minecraft:polished_andesite":79,"minecraft:baked_potato":91,"minecraft:cauldron":2,"minecraft:stripped_dark_oak_log":3,"minecraft:oak_slab":33,"minecraft:lime_bed":1,"minecraft:crafting_table":13,"minecraft:red_bed":2,"minecraft:white_bed":1,"minecraft:cod":2,"minecraft:dark_oak_fence_gate":81,"minecraft:warped_planks":77,"minecraft:spruce_log":1,"minecraft:smoker":5,"minecraft:oak_log":287,"minecraft:flower_pot":1,"minecraft:diamond_pickaxe":103,"minecraft:apple":1,"minecraft:iron_pickaxe":1175,"minecraft:spruce_pressure_plate":8,"minecraft:spruce_trapdoor":4,"minecraft:stone_axe":205,"minecraft:cobblestone":396,"minecraft:bucket":3,"minecraft:glass_pane":16,"minecraft:yellow_bed":1,"minecraft:stripped_oak_log":1,"minecraft:smooth_stone":1},"minecraft:mined":{"minecraft:dark_oak_planks":5,"minecraft:spruce_planks":1,"minecraft:white_bed":3,"minecraft:warped_stairs":1,"minecraft:brewing_stand":4,"minecraft:granite":52,"minecraft:grass_block":813,"minecraft:soul_soil":11,"minecraft:oak_wall_sign":5,"minecraft:smooth_stone":1,"minecraft:dark_oak_trapdoor":3,"minecraft:iron_ore":99,"minecraft:cobbled_deepslate":1,"minecraft:fire":1,"minecraft:barrel":11,"minecraft:pumpkin":33,"minecraft:anvil":1,"minecraft:deepslate_lapis_ore":1,"minecraft:stripped_dark_oak_wood":11,"minecraft:enchanting_table":1,"minecraft:pointed_dripstone":9,"minecraft:oak_sign":2,"minecraft:dirt_path":68,"minecraft:spruce_pressure_plate":3,"minecraft:smooth_sandstone_stairs":1,"minecraft:spruce_slab":48,"minecraft:tripwire":2,"minecraft:deepslate_redstone_ore":23,"minecraft:red_bed":2,"minecraft:smoker":5,"minecraft:clay":1,"minecraft:torch":61,"minecraft:note_block":2,"minecraft:blast_furnace":3,"minecraft:polished_andesite_stairs":8,"minecraft:chest":26,"minecraft:glass":8,"minecraft:cobblestone":51,"minecraft:oak_planks":187,"minecraft:sugar_cane":3,"minecraft:wall_torch":37,"minecraft:dark_oak_slab":7,"minecraft:warped_planks":1,"minecraft:stone_brick_stairs":28,"minecraft:grass":404,"minecraft:oak_log":410,"minecraft:sand":114,"minecraft:dirt":723,"minecraft:oak_leaves":260,"minecraft:deepslate":43,"minecraft:tuff":27,"minecraft:oak_door":10,"minecraft:ladder":5,"minecraft:spruce_leaves":185,"minecraft:cartography_table":1,"minecraft:furnace":24,"minecraft:andesite":63,"minecraft:dark_oak_fence_gate":3,"minecraft:bookshelf":15,"minecraft:shroomlight":13,"minecraft:deepslate_iron_ore":2,"minecraft:warped_stem":232,"minecraft:lantern":1,"minecraft:stripped_oak_log":3,"minecraft:stone":1048,"minecraft:ender_chest":10,"minecraft:smithing_table":1,"minecraft:oak_slab":2,"minecraft:stripped_dark_oak_log":1,"minecraft:stone_brick_slab":1,"minecraft:dandelion":2,"minecraft:oak_fence":2,"minecraft:crafting_table":6,"minecraft:emerald_ore":1,"minecraft:oak_wood":1,"minecraft:warped_roots":2,"minecraft:copper_ore":61,"minecraft:tall_grass":31,"minecraft:deepslate_coal_ore":4,"minecraft:deepslate_gold_ore":8,"minecraft:lapis_ore":8,"minecraft:warped_wart_block":11,"minecraft:diorite":69,"minecraft:spruce_stairs":99,"minecraft:cactus":1,"minecraft:ice":1,"minecraft:white_carpet":3,"minecraft:spruce_log":39,"minecraft:birch_leaves":10,"minecraft:bee_nest":1,"minecraft:yellow_bed":1,"minecraft:coal_ore":93,"minecraft:cherry_leaves":11,"minecraft:gravel":105,"minecraft:dripstone_block":3,"minecraft:polished_andesite":1,"minecraft:stone_bricks":68,"minecraft:gold_ore":9,"minecraft:chipped_anvil":1,"minecraft:warped_slab":1},"minecraft:broken":{"minecraft:iron_shovel":7,"minecraft:golden_boots":1,"minecraft:iron_leggings":1,"minecraft:stone_pickaxe":3,"minecraft:stone_shovel":3,"minecraft:wooden_pickaxe":1,"minecraft:iron_axe":8,"minecraft:iron_pickaxe":4,"minecraft:iron_helmet":1},"minecraft:crafted":{"minecraft:black_dye":1,"minecraft:oak_planks":740,"minecraft:barrel":19,"minecraft:oak_sign":6,"minecraft:dark_oak_wood":168,"minecraft:cooked_chicken":5,"minecraft:stone":192,"minecraft:bookshelf":16,"minecraft:cooked_mutton":10,"minecraft:spruce_pressure_plate":5,"minecraft:warped_planks":368,"minecraft:green_dye":1,"minecraft:quartz_block":1,"minecraft:glass":23,"minecraft:bow":1,"minecraft:chest":8,"minecraft:stone_hoe":1,"minecraft:stone_bricks":244,"minecraft:oak_fence":9,"minecraft:cooked_rabbit":1,"minecraft:warped_stairs":148,"minecraft:oak_slab":120,"minecraft:wooden_shovel":1,"minecraft:arrow":44,"minecraft:cauldron":2,"minecraft:cooked_porkchop":12,"minecraft:crafting_table":7,"minecraft:spruce_planks":424,"minecraft:wooden_pickaxe":1,"minecraft:baked_potato":129,"minecraft:oak_wood":51,"minecraft:stone_brick_stairs":108,"minecraft:spruce_trapdoor":6,"minecraft:lime_bed":1,"minecraft:dark_oak_slab":304,"minecraft:iron_chestplate":1,"minecraft:wooden_hoe":1,"minecraft:stick":172,"minecraft:iron_ingot":156,"minecraft:iron_pickaxe":3,"minecraft:iron_block":1,"minecraft:stone_sword":2,"minecraft:gold_ingot":67,"minecraft:sandstone":21,"minecraft:dark_oak_fence_gate":87,"minecraft:shears":1,"minecraft:wooden_sword":1,"minecraft:oak_door":6,"minecraft:stone_shovel":2,"minecraft:furnace":2,"minecraft:dark_oak_trapdoor":140,"minecraft:bone_meal":378,"minecraft:oak_trapdoor":2,"minecraft:glass_pane":16,"minecraft:spruce_stairs":160,"minecraft:iron_axe":8,"minecraft:ladder":6,"minecraft:spruce_slab":144,"minecraft:lime_dye":2,"minecraft:stone_pickaxe":5,"minecraft:spruce_boat":1,"minecraft:dark_oak_planks":768,"minecraft:golden_helmet":1,"minecraft:cooked_beef":31,"minecraft:smooth_sandstone_stairs":92,"minecraft:iron_sword":1,"minecraft:smooth_sandstone":155,"minecraft:cooked_salmon":7,"minecraft:bucket":1,"minecraft:stone_axe":2,"minecraft:air":0,"minecraft:white_dye":1,"minecraft:oak_stairs":44,"minecraft:wooden_axe":1,"minecraft:iron_shovel":8,"minecraft:iron_leggings":1,"minecraft:anvil":1,"minecraft:torch":266},"minecraft:custom":{"minecraft:interact_with_crafting_table":218,"minecraft:open_barrel":218,"minecraft:leave_game":11,"minecraft:time_since_death":56185,"minecraft:sprint_one_cm":1373549,"minecraft:drop":87,"minecraft:play_noteblock":9,"minecraft:talked_to_villager":4,"minecraft:play_time":1362753,"minecraft:deaths":4,"minecraft:jump":5087,"minecraft:interact_with_brewingstand":1,"minecraft:walk_on_water_one_cm":74149,"minecraft:interact_with_furnace":304,"minecraft:interact_with_cartography_table":1,"minecraft:sleep_in_bed":26,"minecraft:open_enderchest":42,"minecraft:damage_dealt":22482,"minecraft:crouch_one_cm":75362,"minecraft:interact_with_smoker":40,"minecraft:horse_one_cm":1604113,"minecraft:interact_with_smithing_table":1,"minecraft:interact_with_anvil":1,"minecraft:mob_kills":132,"minecraft:climb_one_cm":25771,"minecraft:walk_one_cm":3359280,"minecraft:sneak_time":26565,"minecraft:walk_under_water_one_cm":85615,"minecraft:boat_one_cm":36135,"minecraft:interact_with_blast_furnace":29,"minecraft:total_world_time":1362753,"minecraft:tune_noteblock":38,"minecraft:pot_flower":2,"minecraft:time_since_rest":29351,"minecraft:damage_taken":6020,"minecraft:swim_one_cm":13025,"minecraft:fly_one_cm":197915,"minecraft:open_chest":1258,"minecraft:fall_one_cm":67134},"minecraft:picked_up":{"minecraft:wooden_axe":1,"minecraft:iron_chestplate":4,"minecraft:wheat":105,"minecraft:redstone_block":19,"minecraft:ender_chest":12,"minecraft:anvil":1,"minecraft:flower_pot":1,"minecraft:smithing_table":2,"minecraft:lead":2,"minecraft:golden_shovel":1,"minecraft:nether_brick":4,"minecraft:stone_brick_stairs":66,"minecraft:brewing_stand":4,"minecraft:warped_stairs":1,"minecraft:lapis_block":30,"minecraft:music_disc_cat":1,"minecraft:string":52,"minecraft:dark_oak_trapdoor":3,"minecraft:raw_copper":723,"minecraft:soul_soil":9,"minecraft:cooked_salmon":1,"minecraft:iron_leggings":4,"minecraft:shroomlight":26,"minecraft:oak_sign":11,"minecraft:smooth_stone":10,"minecraft:gold_nugget":16,"minecraft:cobbled_deepslate":732,"minecraft:spruce_planks":1,"minecraft:redstone_torch":2,"minecraft:warped_slab":5,"minecraft:wooden_shovel":2,"minecraft:iron_pickaxe":7,"minecraft:melon_slice":140,"minecraft:golden_helmet":1,"minecraft:iron_boots":4,"minecraft:furnace":27,"minecraft:tipped_arrow":3,"minecraft:spruce_pressure_plate":3,"minecraft:stick":369,"minecraft:oak_fence":2,"minecraft:torch":344,"minecraft:spruce_stairs":101,"minecraft:porkchop":15,"minecraft:golden_axe":3,"minecraft:pointed_dripstone":35,"minecraft:diorite":151,"minecraft:warped_planks":1,"minecraft:cauldron":1,"minecraft:stone_sword":5,"minecraft:cactus":3,"minecraft:rotten_flesh":232,"minecraft:iron_block":21,"minecraft:obsidian":1,"minecraft:cod":2,"minecraft:iron_bars":4,"minecraft:snowball":78,"minecraft:cobblestone":1732,"minecraft:enchanting_table":1,"minecraft:feather":13,"minecraft:cooked_beef":33,"minecraft:water_bucket":1,"minecraft:andesite":189,"minecraft:copper_block":20,"minecraft:smoker":5,"minecraft:potato":178,"minecraft:flint":57,"minecraft:tuff":54,"minecraft:smooth_sandstone_stairs":21,"minecraft:lantern":4,"minecraft:lapis_lazuli":95,"minecraft:dirt":2146,"minecraft:name_tag":2,"minecraft:glass":27,"minecraft:bone":90,"minecraft:chipped_anvil":1,"minecraft:bow":1,"minecraft:wheat_seeds":323,"minecraft:raw_gold":17,"minecraft:mossy_stone_bricks":4,"minecraft:fletching_table":1,"minecraft:rabbit":7,"minecraft:glowstone_dust":105,"minecraft:oak_planks":202,"minecraft:stone_hoe":1,"minecraft:cooked_porkchop":2,"minecraft:warped_wart_block":24,"minecraft:poisonous_potato":11,"minecraft:sand":114,"minecraft:ink_sac":6,"minecraft:grass_block":1,"minecraft:barrel":11,"minecraft:iron_hoe":1,"minecraft:polished_andesite":1,"minecraft:deepslate":2,"minecraft:diamond":1,"minecraft:granite":88,"minecraft:bone_meal":230,"minecraft:golden_apple":4,"minecraft:emerald":19,"minecraft:bread":42,"minecraft:oak_sapling":72,"minecraft:netherrack":15,"minecraft:oak_leaves":7,"minecraft:diamond_pickaxe":4,"minecraft:crafting_table":9,"minecraft:azure_bluet":6,"minecraft:splash_potion":1,"minecraft:chicken":2,"minecraft:ladder":5,"minecraft:clay_ball":4,"minecraft:golden_pickaxe":1,"minecraft:wooden_pickaxe":1,"minecraft:gold_block":16,"minecraft:cornflower":1,"minecraft:oak_trapdoor":1,"minecraft:red_bed":3,"minecraft:iron_axe":6,"minecraft:wooden_sword":1,"minecraft:flint_and_steel":2,"minecraft:white_carpet":6,"minecraft:iron_shovel":8,"minecraft:cartography_table":2,"minecraft:beef":5,"minecraft:iron_nugget":13,"minecraft:spruce_slab":49,"minecraft:lectern":1,"minecraft:sugar_cane":184,"minecraft:chest":27,"minecraft:birch_sapling":1,"minecraft:egg":21,"minecraft:raw_iron":97,"minecraft:stone":213,"minecraft:oak_door":22,"minecraft:glow_item_frame":2,"minecraft:note_block":2,"minecraft:fire_charge":3,"minecraft:carrot":6,"minecraft:redstone":158,"minecraft:iron_horse_armor":1,"minecraft:dark_oak_planks":6,"minecraft:diamond_chestplate":2,"minecraft:arrow":32,"minecraft:stone_shovel":5,"minecraft:beetroot_seeds":6,"minecraft:golden_hoe":1,"minecraft:hay_block":64,"minecraft:stripped_dark_oak_wood":9,"minecraft:gold_ingot":12,"minecraft:mutton":5,"minecraft:white_wool":7,"minecraft:bone_block":2,"minecraft:oxeye_daisy":7,"minecraft:stripped_oak_log":3,"minecraft:glow_ink_sac":1,"minecraft:crimson_stem":6,"minecraft:salmon":4,"minecraft:leather":11,"minecraft:yellow_dye":5,"minecraft:crimson_fungus":1,"minecraft:oak_log":566,"minecraft:golden_boots":2,"minecraft:yellow_bed":1,"minecraft:nether_wart_block":8,"minecraft:gunpowder":12,"minecraft:wooden_hoe":1,"minecraft:paper":5,"minecraft:cooked_mutton":1,"minecraft:smooth_sandstone":1,"minecraft:red_carpet":2,"minecraft:apple":10,"minecraft:stone_bricks":87,"minecraft:kelp":48,"minecraft:warped_stem":458,"minecraft:rabbit_hide":2,"minecraft:iron_ingot":56,"minecraft:stone_pickaxe":4,"minecraft:cooked_chicken":2,"minecraft:iron_sword":14,"minecraft:soul_sand":6,"minecraft:music_disc_chirp":1,"minecraft:book":45,"minecraft:oak_slab":7,"minecraft:polished_andesite_stairs":8,"minecraft:nether_quartz_ore":2,"minecraft:warped_fungus":1,"minecraft:dark_oak_slab":12,"minecraft:pumpkin":136,"minecraft:stone_brick_slab":2,"minecraft:quartz":13,"minecraft:dandelion":4,"minecraft:dripstone_block":34,"minecraft:gravel":224,"minecraft:spruce_sapling":58,"minecraft:blast_furnace":4,"minecraft:white_bed":1,"minecraft:spruce_log":85,"minecraft:crying_obsidian":4,"minecraft:dark_oak_fence_gate":4,"minecraft:spider_eye":8,"minecraft:oak_wood":4,"minecraft:slime_ball":7,"minecraft:stone_axe":2,"minecraft:iron_helmet":5,"minecraft:gray_wool":1,"minecraft:warped_roots":4,"minecraft:baked_potato":353,"minecraft:melon_seeds":8,"minecraft:stripped_dark_oak_log":1,"minecraft:coal":170},"minecraft:dropped":{"minecraft:iron_sword":3,"minecraft:oak_log":3,"minecraft:baked_potato":1,"minecraft:crafting_table":1,"minecraft:flint":22,"minecraft:dirt":163,"minecraft:bone_meal":51,"minecraft:iron_pickaxe":2,"minecraft:gravel":76,"minecraft:stone_axe":1,"minecraft:rotten_flesh":38,"minecraft:oak_planks":1,"minecraft:glowstone_dust":70,"minecraft:azure_bluet":2,"minecraft:dark_oak_fence_gate":1,"minecraft:carrot":1,"minecraft:chest":1,"minecraft:glass":18,"minecraft:egg":6,"minecraft:iron_ingot":3,"minecraft:wheat_seeds":2,"minecraft:poisonous_potato":4,"minecraft:lead":1,"minecraft:cobblestone":64,"minecraft:spruce_stairs":2,"minecraft:stick":8,"minecraft:torch":130,"minecraft:melon_slice":14,"minecraft:cooked_salmon":1,"minecraft:pumpkin":36,"minecraft:iron_shovel":1,"minecraft:string":2,"minecraft:stone_sword":1,"minecraft:deepslate":1,"minecraft:stone_shovel":2,"minecraft:stone":4,"minecraft:diamond_pickaxe":1,"minecraft:iron_chestplate":1,"minecraft:spider_eye":1,"minecraft:stone_pickaxe":4,"minecraft:wooden_pickaxe":1},"minecraft:killed_by":{"minecraft:ghast":1,"minecraft:piglin":1,"minecraft:skeleton":1},"minecraft:killed":{"minecraft:spider":14,"minecraft:skeleton":18,"minecraft:chicken":1,"minecraft:pig":8,"minecraft:salmon":3,"minecraft:zombie":74,"minecraft:ghast":1,"minecraft:stray":1,"minecraft:blaze":1,"minecraft:rabbit":2,"minecraft:bat":2,"minecraft:squid":1,"minecraft:polar_bear":1,"minecraft:wither_skeleton":2}},"DataVersion":3465}