{"stats":{"minecraft:used":{"minecraft:iron_shovel":2452,"minecraft:spruce_slab":100,"minecraft:smooth_sandstone_stairs":179,"minecraft:ladder":10,"minecraft:oak_sign":12,"minecraft:chest":48,"minecraft:nether_wart":1,"minecraft:iron_sword":566,"minecraft:stone":35,"minecraft:soul_sand":1,"minecraft:carrot":2,"minecraft:tuff":13,"minecraft:obsidian":17,"minecraft:glass":8,"minecraft:spruce_boat":4,"minecraft:stripped_dark_oak_wood":9,"minecraft:coal_ore":1,"minecraft:birch_sapling":12,"minecraft:lantern":8,"minecraft:polished_andesite_stairs":86,"minecraft:dark_oak_wood":166,"minecraft:dark_oak_slab":281,"minecraft:stone_brick_stairs":110,"minecraft:stone_bricks":86,"minecraft:golden_sword":3,"minecraft:birch_trapdoor":88,"minecraft:dark_oak_boat":1,"minecraft:oak_sapling":50,"minecraft:furnace":33,"minecraft:gold_block":2,"minecraft:dark_oak_stairs":45,"minecraft:oak_planks":565,"minecraft:stone_pickaxe":517,"minecraft:dark_oak_sign":46,"minecraft:cactus":2,"minecraft:wooden_pickaxe":60,"minecraft:sugar_cane":22,"minecraft:diamond_axe":172,"minecraft:oak_leaves":7,"minecraft:dark_oak_trapdoor":143,"minecraft:sand":43,"minecraft:blast_furnace":3,"minecraft:note_block":1,"minecraft:shears":11,"minecraft:dark_oak_log":204,"minecraft:bread":5,"minecraft:string":3,"minecraft:warped_slab":105,"minecraft:gravel":12,"minecraft:wooden_sword":20,"minecraft:dark_oak_fence":69,"minecraft:grindstone":1,"minecraft:smithing_table":1,"minecraft:cooked_rabbit":1,"minecraft:andesite":7,"minecraft:bone_meal":79,"minecraft:golden_pickaxe":16,"minecraft:oak_fence":25,"minecraft:stone_sword":179,"minecraft:flint_and_steel":1,"minecraft:stone_shovel":360,"minecraft:spruce_planks":19,"minecraft:ender_chest":15,"minecraft:cooked_salmon":11,"minecraft:wooden_shovel":32,"minecraft:cooked_chicken":1,"minecraft:sandstone_wall":8,"minecraft:oak_door":26,"minecraft:torch":325,"minecraft:brewing_stand":3,"minecraft:dirt":2106,"minecraft:anvil":3,"minecraft:spruce_stairs":256,"minecraft:oak_wood":3,"minecraft:granite":18,"minecraft:spruce_fence":3,"minecraft:birch_door":1,"minecraft:dark_oak_planks":280,"minecraft:wooden_axe":2,"minecraft:iron_axe":2372,"minecraft:oak_stairs":45,"minecraft:smooth_sandstone":309,"minecraft:barrel":37,"minecraft:glowstone":4,"minecraft:warped_stairs":382,"minecraft:goat_horn":2,"minecraft:cobbled_deepslate":64,"minecraft:cooked_mutton":8,"minecraft:water_bucket":21,"minecraft:polished_andesite":82,"minecraft:baked_potato":148,"minecraft:smooth_sandstone_slab":8,"minecraft:cauldron":3,"minecraft:stripped_dark_oak_log":3,"minecraft:lime_bed":1,"minecraft:oak_slab":77,"minecraft:crafting_table":18,"minecraft:red_bed":2,"minecraft:dark_oak_fence_gate":81,"minecraft:white_bed":3,"minecraft:cod":2,"minecraft:spruce_log":1,"minecraft:warped_planks":140,"minecraft:smoker":7,"minecraft:oak_log":382,"minecraft:flower_pot":1,"minecraft:diamond_pickaxe":632,"minecraft:apple":1,"minecraft:diamond_shovel":1065,"minecraft:spruce_pressure_plate":8,"minecraft:iron_pickaxe":1212,"minecraft:spruce_trapdoor":24,"minecraft:spruce_sapling":7,"minecraft:stone_axe":205,"minecraft:cobblestone":396,"minecraft:bucket":21,"minecraft:glass_pane":16,"minecraft:yellow_bed":1,"minecraft:stripped_oak_log":6,"minecraft:smooth_stone":1},"minecraft:mined":{"minecraft:dark_oak_planks":144,"minecraft:spruce_planks":1,"minecraft:white_bed":4,"minecraft:spruce_trapdoor":5,"minecraft:obsidian":3,"minecraft:brewing_stand":4,"minecraft:warped_stairs":6,"minecraft:granite":52,"minecraft:grass_block":869,"minecraft:soul_soil":11,"minecraft:oak_wall_sign":5,"minecraft:smooth_stone":1,"minecraft:dark_oak_trapdoor":15,"minecraft:iron_ore":99,"minecraft:barrel":13,"minecraft:fire":1,"minecraft:cobbled_deepslate":1,"minecraft:pumpkin":33,"minecraft:anvil":1,"minecraft:deepslate_lapis_ore":1,"minecraft:stripped_dark_oak_wood":11,"minecraft:dark_oak_stairs":11,"minecraft:enchanting_table":1,"minecraft:pointed_dripstone":9,"minecraft:oak_sign":2,"minecraft:dirt_path":69,"minecraft:oak_stairs":2,"minecraft:spruce_pressure_plate":3,"minecraft:smooth_sandstone_stairs":11,"minecraft:spruce_slab":57,"minecraft:tripwire":2,"minecraft:deepslate_redstone_ore":23,"minecraft:red_bed":2,"minecraft:smoker":5,"minecraft:clay":1,"minecraft:torch":89,"minecraft:light_gray_terracotta":1,"minecraft:note_block":2,"minecraft:blast_furnace":3,"minecraft:polished_andesite_stairs":15,"minecraft:chest":43,"minecraft:glass":8,"minecraft:nether_quartz_ore":7,"minecraft:cobblestone":51,"minecraft:oak_planks":188,"minecraft:sugar_cane":65,"minecraft:smooth_sandstone_slab":6,"minecraft:wall_torch":53,"minecraft:birch_sapling":1,"minecraft:dark_oak_slab":11,"minecraft:warped_planks":2,"minecraft:birch_log":116,"minecraft:birch_trapdoor":15,"minecraft:warped_fungus":1,"minecraft:stone_brick_stairs":28,"minecraft:grass":472,"minecraft:oak_log":418,"minecraft:sand":1305,"minecraft:dirt":964,"minecraft:netherrack":1,"minecraft:horn_coral_block":1,"minecraft:oak_leaves":263,"minecraft:deepslate":43,"minecraft:tuff":27,"minecraft:oak_door":10,"minecraft:dark_oak_log":14,"minecraft:tube_coral_wall_fan":1,"minecraft:dark_oak_fence":5,"minecraft:ladder":11,"minecraft:spruce_leaves":220,"minecraft:cartography_table":1,"minecraft:sandstone":455,"minecraft:spruce_sapling":1,"minecraft:furnace":28,"minecraft:andesite":63,"minecraft:dark_oak_fence_gate":4,"minecraft:bookshelf":15,"minecraft:shroomlight":13,"minecraft:deepslate_iron_ore":2,"minecraft:warped_stem":232,"minecraft:lantern":1,"minecraft:stripped_oak_log":4,"minecraft:stone":1061,"minecraft:ender_chest":15,"minecraft:smithing_table":1,"minecraft:oak_slab":12,"minecraft:stripped_dark_oak_log":2,"minecraft:stone_brick_slab":1,"minecraft:dandelion":2,"minecraft:oak_fence":2,"minecraft:smooth_sandstone":32,"minecraft:crafting_table":10,"minecraft:emerald_ore":1,"minecraft:oak_wood":1,"minecraft:warped_roots":2,"minecraft:copper_ore":61,"minecraft:tall_grass":40,"minecraft:deepslate_coal_ore":4,"minecraft:lapis_ore":8,"minecraft:deepslate_gold_ore":8,"minecraft:diorite":69,"minecraft:warped_wart_block":11,"minecraft:spruce_stairs":100,"minecraft:cactus":1,"minecraft:dark_oak_wall_sign":6,"minecraft:white_carpet":3,"minecraft:ice":1,"minecraft:spruce_log":75,"minecraft:birch_leaves":135,"minecraft:bee_nest":1,"minecraft:yellow_bed":1,"minecraft:coal_ore":96,"minecraft:cherry_leaves":11,"minecraft:gravel":111,"minecraft:dripstone_block":3,"minecraft:polished_andesite":6,"minecraft:stone_bricks":68,"minecraft:gold_ore":9,"minecraft:chipped_anvil":1,"minecraft:warped_slab":15},"minecraft:broken":{"minecraft:golden_helmet":1,"minecraft:iron_shovel":8,"minecraft:golden_boots":1,"minecraft:iron_boots":1,"minecraft:iron_leggings":1,"minecraft:stone_pickaxe":3,"minecraft:iron_sword":1,"minecraft:stone_shovel":3,"minecraft:stone_sword":2,"minecraft:wooden_pickaxe":1,"minecraft:iron_axe":10,"minecraft:iron_pickaxe":4,"minecraft:iron_helmet":1},"minecraft:crafted":{"minecraft:black_dye":1,"minecraft:grindstone":1,"minecraft:smooth_stone":3,"minecraft:oak_planks":852,"minecraft:barrel":24,"minecraft:oak_sign":6,"minecraft:dark_oak_boat":1,"minecraft:dark_oak_wood":168,"minecraft:cooked_chicken":5,"minecraft:stone":192,"minecraft:bookshelf":16,"minecraft:spruce_pressure_plate":5,"minecraft:cooked_mutton":10,"minecraft:warped_planks":652,"minecraft:green_dye":1,"minecraft:quartz_block":1,"minecraft:glass":23,"minecraft:bow":1,"minecraft:chest":15,"minecraft:birch_door":3,"minecraft:stone_hoe":1,"minecraft:stone_bricks":244,"minecraft:oak_fence":27,"minecraft:cooked_rabbit":1,"minecraft:smoker":2,"minecraft:warped_stairs":348,"minecraft:oak_slab":204,"minecraft:wooden_shovel":1,"minecraft:arrow":44,"minecraft:cauldron":3,"minecraft:cooked_porkchop":12,"minecraft:crafting_table":8,"minecraft:spruce_planks":504,"minecraft:wooden_pickaxe":1,"minecraft:baked_potato":129,"minecraft:smithing_table":1,"minecraft:oak_wood":51,"minecraft:birch_planks":268,"minecraft:stone_brick_stairs":108,"minecraft:spruce_trapdoor":20,"minecraft:lime_bed":1,"minecraft:dark_oak_slab":310,"minecraft:iron_chestplate":1,"minecraft:wooden_hoe":1,"minecraft:stone_slab":6,"minecraft:stick":236,"minecraft:warped_slab":72,"minecraft:iron_ingot":192,"minecraft:iron_pickaxe":3,"minecraft:iron_block":1,"minecraft:stone_sword":2,"minecraft:gold_ingot":67,"minecraft:sandstone":65,"minecraft:dark_oak_fence_gate":87,"minecraft:shears":1,"minecraft:wooden_sword":1,"minecraft:oak_door":6,"minecraft:stone_shovel":2,"minecraft:iron_nugget":99,"minecraft:furnace":3,"minecraft:blast_furnace":1,"minecraft:dark_oak_trapdoor":140,"minecraft:dark_oak_sign":45,"minecraft:bone_meal":435,"minecraft:spruce_fence":3,"minecraft:oak_trapdoor":2,"minecraft:glass_pane":16,"minecraft:flint_and_steel":1,"minecraft:lantern":8,"minecraft:spruce_stairs":176,"minecraft:iron_axe":10,"minecraft:ladder":6,"minecraft:spruce_slab":144,"minecraft:lime_dye":2,"minecraft:stone_pickaxe":5,"minecraft:spruce_boat":1,"minecraft:dark_oak_planks":1212,"minecraft:golden_helmet":1,"minecraft:cooked_beef":31,"minecraft:smooth_sandstone_stairs":100,"minecraft:dark_oak_stairs":48,"minecraft:iron_sword":1,"minecraft:smooth_sandstone":452,"minecraft:cooked_salmon":7,"minecraft:bucket":1,"minecraft:stone_axe":2,"minecraft:air":0,"minecraft:sandstone_wall":12,"minecraft:smooth_sandstone_slab":6,"minecraft:white_dye":1,"minecraft:wooden_axe":1,"minecraft:oak_stairs":44,"minecraft:birch_trapdoor":74,"minecraft:iron_shovel":10,"minecraft:iron_leggings":1,"minecraft:anvil":2,"minecraft:torch":330},"minecraft:custom":{"minecraft:interact_with_crafting_table":335,"minecraft:open_barrel":531,"minecraft:leave_game":16,"minecraft:time_since_death":535816,"minecraft:sprint_one_cm":2234181,"minecraft:drop":124,"minecraft:play_noteblock":9,"minecraft:talked_to_villager":5,"minecraft:play_time":1842384,"minecraft:deaths":4,"minecraft:jump":6660,"minecraft:interact_with_brewingstand":1,"minecraft:walk_on_water_one_cm":95915,"minecraft:interact_with_furnace":377,"minecraft:interact_with_cartography_table":1,"minecraft:sleep_in_bed":32,"minecraft:open_enderchest":59,"minecraft:damage_dealt":28745,"minecraft:crouch_one_cm":151701,"minecraft:interact_with_smoker":42,"minecraft:horse_one_cm":1616608,"minecraft:interact_with_smithing_table":1,"minecraft:interact_with_anvil":1,"minecraft:mob_kills":165,"minecraft:climb_one_cm":28216,"minecraft:walk_one_cm":4743600,"minecraft:sneak_time":46937,"minecraft:walk_under_water_one_cm":98027,"minecraft:boat_one_cm":401760,"minecraft:interact_with_blast_furnace":29,"minecraft:total_world_time":1842384,"minecraft:tune_noteblock":38,"minecraft:pot_flower":2,"minecraft:interact_with_grindstone":1,"minecraft:time_since_rest":12804,"minecraft:damage_taken":8088,"minecraft:swim_one_cm":19739,"minecraft:fly_one_cm":317946,"minecraft:open_chest":1608,"minecraft:fall_one_cm":107452},"minecraft:picked_up":{"minecraft:wooden_axe":1,"minecraft:iron_chestplate":4,"minecraft:wheat":105,"minecraft:redstone_block":19,"minecraft:ender_chest":17,"minecraft:anvil":1,"minecraft:flower_pot":1,"minecraft:smithing_table":2,"minecraft:lead":3,"minecraft:oak_stairs":2,"minecraft:golden_shovel":1,"minecraft:nether_brick":4,"minecraft:stone_brick_stairs":66,"minecraft:brewing_stand":4,"minecraft:warped_stairs":6,"minecraft:lapis_block":30,"minecraft:music_disc_cat":1,"minecraft:string":52,"minecraft:dark_oak_trapdoor":15,"minecraft:soul_soil":9,"minecraft:raw_copper":723,"minecraft:cooked_salmon":1,"minecraft:iron_leggings":5,"minecraft:shroomlight":26,"minecraft:oak_sign":11,"minecraft:sea_pickle":12,"minecraft:diamond_leggings":1,"minecraft:smooth_stone":10,"minecraft:gold_nugget":16,"minecraft:cobbled_deepslate":732,"minecraft:spruce_planks":2,"minecraft:horn_coral_block":3,"minecraft:redstone_torch":2,"minecraft:warped_slab":13,"minecraft:wooden_shovel":2,"minecraft:iron_pickaxe":7,"minecraft:melon_slice":140,"minecraft:iron_boots":5,"minecraft:furnace":31,"minecraft:spruce_pressure_plate":3,"minecraft:tipped_arrow":3,"minecraft:golden_helmet":1,"minecraft:stick":393,"minecraft:birch_trapdoor":15,"minecraft:oak_fence":2,"minecraft:torch":399,"minecraft:spruce_stairs":105,"minecraft:sandstone_wall":4,"minecraft:porkchop":15,"minecraft:golden_axe":3,"minecraft:pointed_dripstone":35,"minecraft:diorite":154,"minecraft:warped_planks":2,"minecraft:cauldron":1,"minecraft:stone_sword":5,"minecraft:cactus":6,"minecraft:rotten_flesh":277,"minecraft:iron_block":46,"minecraft:obsidian":4,"minecraft:iron_bars":4,"minecraft:cod":2,"minecraft:snowball":78,"minecraft:cobblestone":1732,"minecraft:birch_log":116,"minecraft:enchanting_table":1,"minecraft:feather":15,"minecraft:cooked_beef":33,"minecraft:water_bucket":1,"minecraft:andesite":189,"minecraft:dark_oak_boat":1,"minecraft:copper_block":20,"minecraft:smoker":5,"minecraft:potato":178,"minecraft:flint":59,"minecraft:tuff":54,"minecraft:smooth_sandstone_stairs":30,"minecraft:lapis_lazuli":95,"minecraft:dirt":2452,"minecraft:lantern":4,"minecraft:name_tag":2,"minecraft:glass":27,"minecraft:bone":98,"minecraft:chipped_anvil":1,"minecraft:bow":1,"minecraft:wheat_seeds":332,"minecraft:raw_gold":17,"minecraft:dark_oak_sign":6,"minecraft:mossy_stone_bricks":4,"minecraft:fletching_table":1,"minecraft:rabbit":7,"minecraft:glowstone_dust":105,"minecraft:oak_planks":205,"minecraft:stone_hoe":1,"minecraft:cooked_porkchop":2,"minecraft:warped_wart_block":24,"minecraft:poisonous_potato":11,"minecraft:sand":1430,"minecraft:ink_sac":9,"minecraft:grass_block":1,"minecraft:dark_oak_log":16,"minecraft:barrel":14,"minecraft:iron_hoe":1,"minecraft:polished_andesite":10,"minecraft:deepslate":2,"minecraft:diamond":1,"minecraft:spruce_boat":3,"minecraft:granite":88,"minecraft:bone_meal":230,"minecraft:golden_apple":4,"minecraft:emerald":19,"minecraft:bread":42,"minecraft:oak_sapling":72,"minecraft:netherrack":15,"minecraft:dark_oak_fence":5,"minecraft:oak_leaves":7,"minecraft:diamond_pickaxe":5,"minecraft:crafting_table":13,"minecraft:azure_bluet":6,"minecraft:splash_potion":1,"minecraft:ladder":33,"minecraft:chicken":3,"minecraft:nether_wart":9,"minecraft:clay_ball":4,"minecraft:golden_pickaxe":1,"minecraft:wooden_pickaxe":1,"minecraft:gold_block":16,"minecraft:cornflower":1,"minecraft:oak_trapdoor":1,"minecraft:red_bed":3,"minecraft:iron_axe":6,"minecraft:wooden_sword":1,"minecraft:flint_and_steel":2,"minecraft:white_carpet":6,"minecraft:iron_shovel":8,"minecraft:cartography_table":2,"minecraft:beef":5,"minecraft:iron_nugget":15,"minecraft:spruce_slab":92,"minecraft:lectern":1,"minecraft:sugar_cane":279,"minecraft:chest":44,"minecraft:birch_sapling":18,"minecraft:spruce_trapdoor":6,"minecraft:egg":21,"minecraft:raw_iron":97,"minecraft:sandstone":583,"minecraft:stone":1547,"minecraft:oak_door":22,"minecraft:glow_item_frame":2,"minecraft:note_block":2,"minecraft:fire_charge":3,"minecraft:carrot":6,"minecraft:redstone":158,"minecraft:iron_horse_armor":1,"minecraft:dark_oak_planks":180,"minecraft:smooth_sandstone_slab":6,"minecraft:arrow":42,"minecraft:stone_shovel":5,"minecraft:diamond_chestplate":2,"minecraft:beetroot_seeds":6,"minecraft:golden_hoe":1,"minecraft:tube_coral_fan":6,"minecraft:hay_block":64,"minecraft:stripped_dark_oak_wood":9,"minecraft:gold_ingot":12,"minecraft:mutton":5,"minecraft:white_wool":7,"minecraft:bone_block":2,"minecraft:oxeye_daisy":7,"minecraft:stripped_oak_log":5,"minecraft:glow_ink_sac":1,"minecraft:crimson_stem":6,"minecraft:salmon":4,"minecraft:leather":11,"minecraft:yellow_dye":5,"minecraft:crimson_fungus":1,"minecraft:oak_log":611,"minecraft:golden_boots":2,"minecraft:yellow_bed":1,"minecraft:nether_wart_block":8,"minecraft:gunpowder":12,"minecraft:wooden_hoe":1,"minecraft:paper":5,"minecraft:cooked_mutton":1,"minecraft:smooth_sandstone":32,"minecraft:red_carpet":2,"minecraft:apple":10,"minecraft:stone_bricks":87,"minecraft:kelp":48,"minecraft:warped_stem":500,"minecraft:rabbit_hide":2,"minecraft:iron_ingot":59,"minecraft:stone_pickaxe":4,"minecraft:cooked_chicken":2,"minecraft:iron_sword":15,"minecraft:soul_sand":7,"minecraft:dark_oak_stairs":13,"minecraft:music_disc_chirp":1,"minecraft:book":45,"minecraft:oak_slab":17,"minecraft:polished_andesite_stairs":15,"minecraft:nether_quartz_ore":9,"minecraft:warped_fungus":3,"minecraft:dark_oak_slab":18,"minecraft:pumpkin":136,"minecraft:sweet_berries":5,"minecraft:stone_brick_slab":2,"minecraft:dandelion":4,"minecraft:quartz":13,"minecraft:dripstone_block":34,"minecraft:gravel":231,"minecraft:amethyst_shard":2,"minecraft:spruce_sapling":62,"minecraft:blast_furnace":4,"minecraft:white_bed":3,"minecraft:spruce_log":119,"minecraft:crying_obsidian":4,"minecraft:dark_oak_fence_gate":5,"minecraft:spider_eye":8,"minecraft:oak_wood":4,"minecraft:diamond_shovel":3,"minecraft:coal_ore":3,"minecraft:slime_ball":7,"minecraft:stone_axe":2,"minecraft:iron_helmet":6,"minecraft:diamond_axe":2,"minecraft:gray_wool":1,"minecraft:warped_roots":4,"minecraft:terracotta":10,"minecraft:baked_potato":392,"minecraft:melon_seeds":8,"minecraft:dark_oak_wood":2,"minecraft:stripped_dark_oak_log":2,"minecraft:coal":210},"minecraft:dropped":{"minecraft:iron_sword":4,"minecraft:diamond_axe":2,"minecraft:warped_fungus":2,"minecraft:oak_log":3,"minecraft:baked_potato":40,"minecraft:crafting_table":1,"minecraft:tube_coral_fan":4,"minecraft:flint":22,"minecraft:dirt":163,"minecraft:bone_meal":51,"minecraft:sand":20,"minecraft:iron_pickaxe":2,"minecraft:gravel":81,"minecraft:stone_axe":1,"minecraft:rotten_flesh":50,"minecraft:oak_planks":1,"minecraft:diamond_shovel":3,"minecraft:glowstone_dust":70,"minecraft:azure_bluet":2,"minecraft:dark_oak_fence_gate":1,"minecraft:carrot":1,"minecraft:glowstone":6,"minecraft:chest":1,"minecraft:arrow":1,"minecraft:glass":18,"minecraft:egg":6,"minecraft:iron_ingot":6,"minecraft:wheat_seeds":3,"minecraft:horn_coral_block":2,"minecraft:poisonous_potato":4,"minecraft:lead":1,"minecraft:cobblestone":64,"minecraft:spruce_stairs":2,"minecraft:stick":8,"minecraft:torch":156,"minecraft:melon_slice":14,"minecraft:cooked_salmon":1,"minecraft:pumpkin":36,"minecraft:iron_shovel":1,"minecraft:string":2,"minecraft:stone_sword":2,"minecraft:deepslate":1,"minecraft:stone_shovel":2,"minecraft:stone":64,"minecraft:sea_pickle":8,"minecraft:diamond_pickaxe":1,"minecraft:iron_chestplate":1,"minecraft:stone_pressure_plate":1,"minecraft:spider_eye":1,"minecraft:stone_pickaxe":4,"minecraft:wooden_pickaxe":1,"minecraft:terracotta":5},"minecraft:killed_by":{"minecraft:ghast":1,"minecraft:piglin":1,"minecraft:skeleton":1},"minecraft:killed":{"minecraft:spider":16,"minecraft:skeleton":23,"minecraft:chicken":2,"minecraft:pig":8,"minecraft:salmon":3,"minecraft:zombie":92,"minecraft:stray":1,"minecraft:ghast":1,"minecraft:blaze":1,"minecraft:husk":4,"minecraft:rabbit":2,"minecraft:bat":2,"minecraft:squid":1,"minecraft:polar_bear":1,"minecraft:wither_skeleton":2}},"DataVersion":3465}