{"stats":{"minecraft:crafted":{"minecraft:black_dye":1,"minecraft:oak_planks":700,"minecraft:barrel":7,"minecraft:oak_sign":6,"minecraft:cooked_chicken":4,"minecraft:stone":192,"minecraft:bookshelf":16,"minecraft:cooked_mutton":8,"minecraft:spruce_pressure_plate":5,"minecraft:green_dye":1,"minecraft:quartz_block":1,"minecraft:glass":23,"minecraft:bow":1,"minecraft:chest":7,"minecraft:stone_hoe":1,"minecraft:stone_bricks":244,"minecraft:cooked_rabbit":1,"minecraft:oak_slab":6,"minecraft:wooden_shovel":1,"minecraft:arrow":44,"minecraft:cooked_porkchop":12,"minecraft:crafting_table":7,"minecraft:spruce_planks":408,"minecraft:wooden_pickaxe":1,"minecraft:baked_potato":129,"minecraft:oak_wood":3,"minecraft:stone_brick_stairs":108,"minecraft:lime_bed":1,"minecraft:iron_chestplate":1,"minecraft:wooden_hoe":1,"minecraft:stick":132,"minecraft:iron_ingot":129,"minecraft:iron_pickaxe":3,"minecraft:iron_block":1,"minecraft:stone_sword":2,"minecraft:gold_ingot":67,"minecraft:wooden_sword":1,"minecraft:oak_door":6,"minecraft:stone_shovel":2,"minecraft:furnace":2,"minecraft:bone_meal":327,"minecraft:oak_trapdoor":2,"minecraft:glass_pane":16,"minecraft:spruce_stairs":160,"minecraft:iron_axe":6,"minecraft:ladder":6,"minecraft:spruce_slab":144,"minecraft:lime_dye":2,"minecraft:stone_pickaxe":5,"minecraft:spruce_boat":1,"minecraft:golden_helmet":1,"minecraft:cooked_beef":31,"minecraft:iron_sword":1,"minecraft:cooked_salmon":7,"minecraft:stone_axe":2,"minecraft:air":0,"minecraft:white_dye":1,"minecraft:wooden_axe":1,"minecraft:oak_stairs":12,"minecraft:iron_shovel":7,"minecraft:iron_leggings":1,"minecraft:anvil":1,"minecraft:torch":266},"minecraft:used":{"minecraft:iron_shovel":1707,"minecraft:spruce_slab":95,"minecraft:ladder":10,"minecraft:oak_sign":12,"minecraft:chest":31,"minecraft:stone":32,"minecraft:iron_sword":419,"minecraft:tuff":13,"minecraft:glass":8,"minecraft:spruce_boat":1,"minecraft:polished_andesite_stairs":86,"minecraft:stone_brick_stairs":110,"minecraft:stone_bricks":86,"minecraft:oak_sapling":36,"minecraft:furnace":27,"minecraft:oak_planks":553,"minecraft:stone_pickaxe":517,"minecraft:cactus":2,"minecraft:wooden_pickaxe":60,"minecraft:sand":12,"minecraft:blast_furnace":2,"minecraft:note_block":1,"minecraft:bread":5,"minecraft:string":3,"minecraft:gravel":12,"minecraft:wooden_sword":20,"minecraft:cooked_rabbit":1,"minecraft:andesite":7,"minecraft:golden_pickaxe":16,"minecraft:stone_sword":98,"minecraft:stone_shovel":360,"minecraft:spruce_planks":19,"minecraft:ender_chest":10,"minecraft:wooden_shovel":32,"minecraft:cooked_salmon":11,"minecraft:oak_door":26,"minecraft:torch":224,"minecraft:brewing_stand":3,"minecraft:dirt":1544,"minecraft:anvil":2,"minecraft:spruce_stairs":243,"minecraft:granite":18,"minecraft:wooden_axe":2,"minecraft:iron_axe":1463,"minecraft:oak_stairs":10,"minecraft:barrel":10,"minecraft:goat_horn":2,"minecraft:cobbled_deepslate":64,"minecraft:cooked_mutton":8,"minecraft:polished_andesite":79,"minecraft:baked_potato":69,"minecraft:lime_bed":1,"minecraft:crafting_table":12,"minecraft:red_bed":2,"minecraft:cod":2,"minecraft:spruce_log":1,"minecraft:smoker":5,"minecraft:oak_log":287,"minecraft:flower_pot":1,"minecraft:diamond_pickaxe":100,"minecraft:apple":1,"minecraft:iron_pickaxe":1173,"minecraft:spruce_pressure_plate":8,"minecraft:stone_axe":77,"minecraft:cobblestone":396,"minecraft:glass_pane":16,"minecraft:yellow_bed":1,"minecraft:stripped_oak_log":1,"minecraft:smooth_stone":1},"minecraft:mined":{"minecraft:spruce_planks":1,"minecraft:brewing_stand":4,"minecraft:granite":52,"minecraft:grass_block":811,"minecraft:soul_soil":11,"minecraft:oak_wall_sign":5,"minecraft:smooth_stone":1,"minecraft:iron_ore":99,"minecraft:cobbled_deepslate":1,"minecraft:fire":1,"minecraft:barrel":3,"minecraft:pumpkin":33,"minecraft:deepslate_lapis_ore":1,"minecraft:anvil":1,"minecraft:enchanting_table":1,"minecraft:pointed_dripstone":9,"minecraft:oak_sign":2,"minecraft:dirt_path":68,"minecraft:spruce_pressure_plate":3,"minecraft:spruce_slab":48,"minecraft:tripwire":2,"minecraft:deepslate_redstone_ore":23,"minecraft:red_bed":2,"minecraft:smoker":5,"minecraft:clay":1,"minecraft:torch":44,"minecraft:note_block":2,"minecraft:blast_furnace":3,"minecraft:polished_andesite_stairs":8,"minecraft:chest":26,"minecraft:glass":8,"minecraft:cobblestone":51,"minecraft:sugar_cane":3,"minecraft:oak_planks":187,"minecraft:wall_torch":34,"minecraft:stone_brick_stairs":28,"minecraft:grass":402,"minecraft:oak_log":410,"minecraft:sand":29,"minecraft:dirt":560,"minecraft:oak_leaves":249,"minecraft:deepslate":43,"minecraft:tuff":27,"minecraft:oak_door":10,"minecraft:ladder":5,"minecraft:spruce_leaves":185,"minecraft:cartography_table":1,"minecraft:furnace":24,"minecraft:andesite":63,"minecraft:bookshelf":15,"minecraft:deepslate_iron_ore":2,"minecraft:lantern":1,"minecraft:stripped_oak_log":1,"minecraft:stone":1048,"minecraft:ender_chest":10,"minecraft:smithing_table":1,"minecraft:stone_brick_slab":1,"minecraft:dandelion":2,"minecraft:crafting_table":5,"minecraft:emerald_ore":1,"minecraft:tall_grass":31,"minecraft:copper_ore":61,"minecraft:deepslate_coal_ore":4,"minecraft:lapis_ore":8,"minecraft:deepslate_gold_ore":8,"minecraft:diorite":69,"minecraft:spruce_stairs":99,"minecraft:cactus":1,"minecraft:ice":1,"minecraft:white_carpet":3,"minecraft:spruce_log":39,"minecraft:birch_leaves":10,"minecraft:bee_nest":1,"minecraft:yellow_bed":1,"minecraft:coal_ore":93,"minecraft:cherry_leaves":11,"minecraft:gravel":105,"minecraft:dripstone_block":3,"minecraft:polished_andesite":1,"minecraft:stone_bricks":68,"minecraft:chipped_anvil":1,"minecraft:gold_ore":9},"minecraft:killed_by":{"minecraft:ghast":1,"minecraft:piglin":1},"minecraft:broken":{"minecraft:iron_shovel":6,"minecraft:golden_boots":1,"minecraft:iron_leggings":1,"minecraft:stone_pickaxe":3,"minecraft:stone_shovel":3,"minecraft:wooden_pickaxe":1,"minecraft:iron_axe":6,"minecraft:iron_pickaxe":4,"minecraft:iron_helmet":1},"minecraft:killed":{"minecraft:spider":14,"minecraft:skeleton":17,"minecraft:pig":8,"minecraft:salmon":3,"minecraft:zombie":61,"minecraft:stray":1,"minecraft:rabbit":2,"minecraft:bat":2,"minecraft:squid":1,"minecraft:polar_bear":1},"minecraft:custom":{"minecraft:interact_with_crafting_table":153,"minecraft:open_barrel":201,"minecraft:leave_game":10,"minecraft:time_since_death":166461,"minecraft:sprint_one_cm":1057602,"minecraft:drop":85,"minecraft:play_noteblock":9,"minecraft:talked_to_villager":4,"minecraft:play_time":1143448,"minecraft:deaths":3,"minecraft:jump":4487,"minecraft:interact_with_brewingstand":1,"minecraft:walk_on_water_one_cm":69800,"minecraft:interact_with_furnace":210,"minecraft:interact_with_cartography_table":1,"minecraft:sleep_in_bed":21,"minecraft:open_enderchest":37,"minecraft:damage_dealt":19433,"minecraft:crouch_one_cm":42595,"minecraft:interact_with_smoker":33,"minecraft:horse_one_cm":1589748,"minecraft:interact_with_smithing_table":1,"minecraft:interact_with_anvil":1,"minecraft:mob_kills":113,"minecraft:climb_one_cm":18152,"minecraft:walk_one_cm":2894963,"minecraft:sneak_time":15881,"minecraft:walk_under_water_one_cm":78051,"minecraft:boat_one_cm":36135,"minecraft:interact_with_blast_furnace":25,"minecraft:total_world_time":1143448,"minecraft:tune_noteblock":38,"minecraft:pot_flower":2,"minecraft:time_since_rest":16444,"minecraft:damage_taken":4915,"minecraft:swim_one_cm":9447,"minecraft:fly_one_cm":176576,"minecraft:open_chest":1091,"minecraft:fall_one_cm":52681},"minecraft:picked_up":{"minecraft:wooden_axe":1,"minecraft:iron_chestplate":4,"minecraft:wheat":105,"minecraft:redstone_block":19,"minecraft:ender_chest":12,"minecraft:flower_pot":1,"minecraft:anvil":1,"minecraft:smithing_table":2,"minecraft:lead":2,"minecraft:golden_shovel":1,"minecraft:nether_brick":4,"minecraft:stone_brick_stairs":66,"minecraft:brewing_stand":4,"minecraft:lapis_block":30,"minecraft:music_disc_cat":1,"minecraft:string":52,"minecraft:soul_soil":9,"minecraft:raw_copper":723,"minecraft:cooked_salmon":1,"minecraft:iron_leggings":3,"minecraft:shroomlight":2,"minecraft:oak_sign":11,"minecraft:cobbled_deepslate":732,"minecraft:gold_nugget":16,"minecraft:smooth_stone":10,"minecraft:spruce_planks":1,"minecraft:redstone_torch":2,"minecraft:wooden_shovel":2,"minecraft:iron_pickaxe":7,"minecraft:melon_slice":140,"minecraft:furnace":27,"minecraft:iron_boots":3,"minecraft:tipped_arrow":3,"minecraft:spruce_pressure_plate":3,"minecraft:stick":74,"minecraft:torch":277,"minecraft:spruce_stairs":101,"minecraft:porkchop":15,"minecraft:golden_axe":3,"minecraft:pointed_dripstone":35,"minecraft:diorite":151,"minecraft:cauldron":1,"minecraft:stone_sword":2,"minecraft:cactus":3,"minecraft:rotten_flesh":212,"minecraft:iron_block":18,"minecraft:obsidian":1,"minecraft:cod":2,"minecraft:iron_bars":4,"minecraft:snowball":78,"minecraft:cobblestone":1732,"minecraft:enchanting_table":1,"minecraft:feather":11,"minecraft:cooked_beef":33,"minecraft:water_bucket":1,"minecraft:andesite":189,"minecraft:copper_block":20,"minecraft:smoker":5,"minecraft:potato":178,"minecraft:flint":57,"minecraft:tuff":54,"minecraft:lantern":4,"minecraft:lapis_lazuli":95,"minecraft:dirt":1880,"minecraft:name_tag":2,"minecraft:bone":84,"minecraft:glass":27,"minecraft:chipped_anvil":1,"minecraft:bow":1,"minecraft:wheat_seeds":323,"minecraft:raw_gold":17,"minecraft:rabbit":7,"minecraft:mossy_stone_bricks":4,"minecraft:fletching_table":1,"minecraft:glowstone_dust":105,"minecraft:stone_hoe":1,"minecraft:oak_planks":202,"minecraft:cooked_porkchop":2,"minecraft:poisonous_potato":11,"minecraft:sand":29,"minecraft:ink_sac":6,"minecraft:grass_block":1,"minecraft:barrel":3,"minecraft:iron_hoe":1,"minecraft:polished_andesite":1,"minecraft:diamond":1,"minecraft:granite":88,"minecraft:bone_meal":230,"minecraft:golden_apple":4,"minecraft:emerald":19,"minecraft:bread":42,"minecraft:oak_sapling":72,"minecraft:netherrack":15,"minecraft:diamond_pickaxe":4,"minecraft:crafting_table":8,"minecraft:azure_bluet":6,"minecraft:splash_potion":1,"minecraft:chicken":1,"minecraft:ladder":5,"minecraft:clay_ball":4,"minecraft:golden_pickaxe":1,"minecraft:wooden_pickaxe":1,"minecraft:gold_block":16,"minecraft:cornflower":1,"minecraft:oak_trapdoor":1,"minecraft:red_bed":3,"minecraft:iron_axe":5,"minecraft:wooden_sword":1,"minecraft:flint_and_steel":2,"minecraft:white_carpet":6,"minecraft:iron_shovel":6,"minecraft:cartography_table":2,"minecraft:beef":5,"minecraft:iron_nugget":13,"minecraft:spruce_slab":49,"minecraft:lectern":1,"minecraft:sugar_cane":184,"minecraft:chest":27,"minecraft:birch_sapling":1,"minecraft:egg":21,"minecraft:raw_iron":97,"minecraft:stone":213,"minecraft:oak_door":22,"minecraft:glow_item_frame":2,"minecraft:note_block":2,"minecraft:fire_charge":3,"minecraft:carrot":4,"minecraft:redstone":158,"minecraft:iron_horse_armor":1,"minecraft:arrow":32,"minecraft:stone_shovel":5,"minecraft:beetroot_seeds":6,"minecraft:golden_hoe":1,"minecraft:hay_block":64,"minecraft:gold_ingot":12,"minecraft:mutton":5,"minecraft:bone_block":2,"minecraft:white_wool":7,"minecraft:oxeye_daisy":7,"minecraft:stripped_oak_log":1,"minecraft:glow_ink_sac":1,"minecraft:crimson_stem":6,"minecraft:salmon":4,"minecraft:leather":11,"minecraft:yellow_dye":5,"minecraft:crimson_fungus":1,"minecraft:oak_log":566,"minecraft:golden_boots":2,"minecraft:yellow_bed":1,"minecraft:nether_wart_block":8,"minecraft:gunpowder":10,"minecraft:wooden_hoe":1,"minecraft:paper":5,"minecraft:cooked_mutton":1,"minecraft:red_carpet":2,"minecraft:apple":7,"minecraft:stone_bricks":87,"minecraft:kelp":48,"minecraft:rabbit_hide":2,"minecraft:iron_ingot":31,"minecraft:stone_pickaxe":4,"minecraft:cooked_chicken":2,"minecraft:iron_sword":11,"minecraft:soul_sand":6,"minecraft:music_disc_chirp":1,"minecraft:book":45,"minecraft:oak_slab":4,"minecraft:polished_andesite_stairs":8,"minecraft:warped_fungus":1,"minecraft:pumpkin":136,"minecraft:stone_brick_slab":2,"minecraft:quartz":13,"minecraft:dandelion":4,"minecraft:dripstone_block":34,"minecraft:gravel":224,"minecraft:spruce_sapling":58,"minecraft:blast_furnace":4,"minecraft:spruce_log":85,"minecraft:crying_obsidian":4,"minecraft:spider_eye":8,"minecraft:oak_wood":3,"minecraft:slime_ball":7,"minecraft:stone_axe":2,"minecraft:iron_helmet":5,"minecraft:gray_wool":1,"minecraft:baked_potato":316,"minecraft:melon_seeds":8,"minecraft:coal":168},"minecraft:dropped":{"minecraft:iron_sword":3,"minecraft:oak_log":3,"minecraft:baked_potato":1,"minecraft:crafting_table":1,"minecraft:flint":22,"minecraft:dirt":163,"minecraft:bone_meal":51,"minecraft:iron_pickaxe":2,"minecraft:gravel":76,"minecraft:stone_axe":1,"minecraft:rotten_flesh":38,"minecraft:oak_planks":1,"minecraft:glowstone_dust":70,"minecraft:azure_bluet":2,"minecraft:carrot":1,"minecraft:chest":1,"minecraft:glass":18,"minecraft:egg":6,"minecraft:iron_ingot":3,"minecraft:wheat_seeds":2,"minecraft:poisonous_potato":4,"minecraft:lead":1,"minecraft:cobblestone":64,"minecraft:spruce_stairs":2,"minecraft:stick":8,"minecraft:torch":130,"minecraft:melon_slice":14,"minecraft:cooked_salmon":1,"minecraft:pumpkin":36,"minecraft:iron_shovel":1,"minecraft:string":2,"minecraft:stone_sword":1,"minecraft:stone_shovel":2,"minecraft:stone":4,"minecraft:diamond_pickaxe":1,"minecraft:iron_chestplate":1,"minecraft:spider_eye":1,"minecraft:stone_pickaxe":4,"minecraft:wooden_pickaxe":1}},"DataVersion":3465}