{"stats":{"minecraft:used":{"minecraft:spruce_slab":45,"minecraft:ladder":5,"minecraft:chest":26,"minecraft:stone":13,"minecraft:rotten_flesh":12,"minecraft:soul_sand":9,"minecraft:deepslate_brick_slab":4,"minecraft:snowball":1,"minecraft:spruce_boat":13,"minecraft:lava_bucket":8,"minecraft:stone_brick_stairs":3,"minecraft:bow":90,"minecraft:furnace":8,"minecraft:oak_sapling":26,"minecraft:egg":3,"minecraft:potato":345,"minecraft:diorite":34,"minecraft:powered_rail":24,"minecraft:wooden_pickaxe":6,"minecraft:composter":3,"minecraft:blast_furnace":6,"minecraft:deepslate_brick_stairs":36,"minecraft:deepslate_iron_ore":11,"minecraft:diamond_sword":1,"minecraft:smithing_table":1,"minecraft:oak_boat":22,"minecraft:oak_trapdoor":2,"minecraft:enchanting_table":2,"minecraft:iron_bars":2,"minecraft:stone_sword":55,"minecraft:cooked_salmon":8,"minecraft:netherrack":192,"minecraft:torch":699,"minecraft:brewing_stand":1,"minecraft:anvil":1,"minecraft:golden_shovel":32,"minecraft:nether_brick_stairs":9,"minecraft:oak_fence_gate":1,"minecraft:shroomlight":1,"minecraft:iron_axe":2357,"minecraft:spruce_button":2,"minecraft:mud_bricks":3,"minecraft:melon_seeds":4,"minecraft:goat_horn":2,"minecraft:cobbled_deepslate":618,"minecraft:cherry_log":2,"minecraft:golden_axe":96,"minecraft:wheat_seeds":45,"minecraft:water_bucket":164,"minecraft:lead":1,"minecraft:cartography_table":2,"minecraft:cauldron":2,"minecraft:fletching_table":1,"minecraft:spruce_fence_gate":3,"minecraft:rail":25,"minecraft:oak_slab":38,"minecraft:crafting_table":26,"minecraft:red_bed":4,"minecraft:campfire":1,"minecraft:white_bed":11,"minecraft:spruce_log":291,"minecraft:oak_log":43,"minecraft:diamond_pickaxe":3590,"minecraft:iron_pickaxe":1699,"minecraft:spruce_trapdoor":93,"minecraft:spruce_sapling":90,"minecraft:crimson_nylium":10,"minecraft:cobblestone":586,"minecraft:potion":5,"minecraft:cooked_porkchop":25,"minecraft:dandelion":2,"minecraft:cherry_sapling":8,"minecraft:iron_shovel":301,"minecraft:light_gray_stained_glass_pane":24,"minecraft:iron_sword":1334,"minecraft:bell":1,"minecraft:iron_chestplate":2,"minecraft:nether_bricks":388,"minecraft:carrot":191,"minecraft:deepslate_tile_slab":5,"minecraft:tuff":34,"minecraft:obsidian":136,"minecraft:glass":17,"minecraft:coal_ore":1,"minecraft:lantern":29,"minecraft:iron_helmet":1,"minecraft:stone_bricks":123,"minecraft:deepslate_diamond_ore":7,"minecraft:golden_sword":1,"minecraft:magma_block":1,"minecraft:beetroot_seeds":5,"minecraft:stone_pickaxe":243,"minecraft:oak_planks":9,"minecraft:ender_pearl":1,"minecraft:sugar_cane":47,"minecraft:white_wool":1,"minecraft:note_block":2,"minecraft:stone_brick_wall":7,"minecraft:lever":3,"minecraft:dark_oak_log":8,"minecraft:bread":1,"minecraft:gravel":1,"minecraft:andesite":5,"minecraft:chain":2,"minecraft:air":4,"minecraft:bone_meal":235,"minecraft:oak_fence":38,"minecraft:flint_and_steel":23,"minecraft:stone_shovel":314,"minecraft:spruce_planks":126,"minecraft:ender_chest":13,"minecraft:wooden_shovel":12,"minecraft:cooked_chicken":6,"minecraft:oak_door":1,"minecraft:dirt":778,"minecraft:hopper":7,"minecraft:spruce_stairs":156,"minecraft:spruce_fence":62,"minecraft:granite":7,"minecraft:iron_hoe":278,"minecraft:stone_brick_slab":29,"minecraft:dark_oak_planks":1,"minecraft:bookshelf":17,"minecraft:oak_stairs":10,"minecraft:iron_boots":1,"minecraft:deepslate_tile_stairs":30,"minecraft:minecart":6,"minecraft:cooked_beef":27,"minecraft:iron_leggings":1,"minecraft:cooked_mutton":3,"minecraft:glass_bottle":6,"minecraft:polished_andesite":40,"minecraft:baked_potato":258,"minecraft:stonecutter":3,"minecraft:cobblestone_slab":166,"minecraft:glow_item_frame":2,"minecraft:lime_bed":2,"minecraft:smoker":6,"minecraft:stone_slab":117,"minecraft:stone_axe":65,"minecraft:bucket":171,"minecraft:yellow_bed":6,"minecraft:smooth_stone":1,"minecraft:splash_potion":1},"minecraft:mined":{"minecraft:dark_oak_planks":1,"minecraft:white_bed":5,"minecraft:cherry_log":48,"minecraft:obsidian":243,"minecraft:granite":17,"minecraft:stone_brick_wall":1,"minecraft:crimson_fungus":1,"minecraft:oak_wall_sign":1,"minecraft:oxeye_daisy":3,"minecraft:weeping_vines_plant":2,"minecraft:tall_seagrass":2,"minecraft:magma_block":2,"minecraft:cobbled_deepslate":113,"minecraft:fire":43,"minecraft:pumpkin":10,"minecraft:fletching_table":2,"minecraft:deepslate_lapis_ore":4,"minecraft:nether_brick_stairs":1,"minecraft:enchanting_table":1,"minecraft:water_cauldron":2,"minecraft:dirt_path":16,"minecraft:oak_stairs":4,"minecraft:deepslate_brick_stairs":1,"minecraft:red_bed":4,"minecraft:smoker":4,"minecraft:crimson_nylium":18,"minecraft:soul_fire":2,"minecraft:torch":26,"minecraft:note_block":1,"minecraft:blast_furnace":6,"minecraft:melon":18,"minecraft:sugar_cane":197,"minecraft:mud":4,"minecraft:wheat":47,"minecraft:warped_fungus":1,"minecraft:stone_brick_stairs":1,"minecraft:grass":419,"minecraft:red_mushroom_block":2,"minecraft:stonecutter":2,"minecraft:deepslate":1135,"minecraft:infested_deepslate":2,"minecraft:cherry_sapling":1,"minecraft:dark_oak_log":1012,"minecraft:nether_bricks":528,"minecraft:spruce_fence":14,"minecraft:andesite":334,"minecraft:potatoes":258,"minecraft:cobblestone_slab":9,"minecraft:rail":26,"minecraft:bone_block":2,"minecraft:ender_chest":11,"minecraft:smithing_table":2,"minecraft:oak_slab":9,"minecraft:soul_sand":5,"minecraft:stone_brick_slab":2,"minecraft:dandelion":10,"minecraft:emerald_ore":1,"minecraft:tall_grass":106,"minecraft:copper_ore":40,"minecraft:deepslate_gold_ore":42,"minecraft:diorite":55,"minecraft:warped_wart_block":2,"minecraft:white_carpet":5,"minecraft:spruce_log":651,"minecraft:gravel":26,"minecraft:dripstone_block":28,"minecraft:cobweb":12,"minecraft:stone_bricks":124,"minecraft:gold_ore":9,"minecraft:deepslate_emerald_ore":1,"minecraft:fern":1,"minecraft:spruce_planks":12,"minecraft:potted_cactus":1,"minecraft:brewing_stand":2,"minecraft:spruce_trapdoor":10,"minecraft:grass_block":397,"minecraft:soul_soil":1,"minecraft:composter":1,"minecraft:smooth_stone":10,"minecraft:glowstone":11,"minecraft:iron_ore":135,"minecraft:anvil":1,"minecraft:azure_bluet":2,"minecraft:pointed_dripstone":7,"minecraft:iron_bars":6,"minecraft:spruce_slab":7,"minecraft:deepslate_redstone_ore":63,"minecraft:poppy":3,"minecraft:chest":16,"minecraft:nether_quartz_ore":88,"minecraft:cobblestone":117,"minecraft:oak_planks":11,"minecraft:wall_torch":27,"minecraft:seagrass":1,"minecraft:powered_rail":24,"minecraft:nether_wart_block":9,"minecraft:oak_log":282,"minecraft:sand":72,"minecraft:dirt":499,"minecraft:netherrack":329,"minecraft:oak_leaves":72,"minecraft:nether_gold_ore":15,"minecraft:red_carpet":2,"minecraft:crying_obsidian":2,"minecraft:tuff":204,"minecraft:dark_oak_leaves":11,"minecraft:deepslate_diamond_ore":25,"minecraft:glow_lichen":3,"minecraft:lever":1,"minecraft:weeping_vines":1,"minecraft:spruce_leaves":164,"minecraft:crimson_stem":6,"minecraft:large_fern":2,"minecraft:hay_block":79,"minecraft:oak_trapdoor":1,"minecraft:spruce_sapling":5,"minecraft:furnace":6,"minecraft:carrots":66,"minecraft:stripped_spruce_log":1,"minecraft:gold_block":6,"minecraft:bell":1,"minecraft:nether_brick_fence":12,"minecraft:bookshelf":10,"minecraft:deepslate_iron_ore":49,"minecraft:shroomlight":3,"minecraft:lantern":2,"minecraft:stone":1089,"minecraft:basalt":1,"minecraft:oak_fence":7,"minecraft:crafting_table":14,"minecraft:lectern":1,"minecraft:stone_slab":29,"minecraft:deepslate_coal_ore":2,"minecraft:lapis_ore":17,"minecraft:spruce_stairs":23,"minecraft:lime_bed":2,"minecraft:redstone_torch":1,"minecraft:bee_nest":3,"minecraft:yellow_bed":5,"minecraft:coal_ore":492,"minecraft:cherry_leaves":43,"minecraft:polished_andesite":2,"minecraft:mossy_stone_bricks":4},"minecraft:broken":{"minecraft:golden_sword":1,"minecraft:iron_sword":3,"minecraft:iron_axe":8,"minecraft:iron_pickaxe":5,"minecraft:iron_helmet":2,"minecraft:iron_shovel":1,"minecraft:golden_shovel":1,"minecraft:golden_leggings":1,"minecraft:stone_pickaxe":1,"minecraft:stone_axe":1,"minecraft:stone_shovel":2},"minecraft:crafted":{"minecraft:ender_chest":2,"minecraft:black_dye":3,"minecraft:yellow_wool":3,"minecraft:blaze_powder":10,"minecraft:chain":2,"minecraft:lever":2,"minecraft:bookshelf":17,"minecraft:cooked_mutton":4,"minecraft:quartz_block":29,"minecraft:glass":59,"minecraft:melon_seeds":2,"minecraft:glass_bottle":3,"minecraft:cooked_porkchop":15,"minecraft:polished_andesite_stairs":80,"minecraft:glow_item_frame":2,"minecraft:copper_ingot":96,"minecraft:campfire":1,"minecraft:cartography_table":1,"minecraft:stone_brick_stairs":4,"minecraft:stone_slab":126,"minecraft:iron_pickaxe":9,"minecraft:iron_block":42,"minecraft:gold_ingot":90,"minecraft:light_gray_dye":9,"minecraft:composter":2,"minecraft:spruce_fence_gate":3,"minecraft:stone_shovel":3,"minecraft:iron_nugget":207,"minecraft:yellow_bed":1,"minecraft:bone_meal":42,"minecraft:spruce_fence":57,"minecraft:stone_stairs":4,"minecraft:lantern":25,"minecraft:spruce_stairs":124,"minecraft:ladder":12,"minecraft:spruce_slab":54,"minecraft:stone_pickaxe":2,"minecraft:spruce_boat":1,"minecraft:redstone_block":35,"minecraft:dark_oak_planks":4,"minecraft:lead":4,"minecraft:enchanting_table":1,"minecraft:deepslate_brick_slab":10,"minecraft:red_bed":1,"minecraft:oak_fence_gate":1,"minecraft:oak_stairs":8,"minecraft:iron_shovel":2,"minecraft:iron_leggings":4,"minecraft:white_bed":6,"minecraft:note_block":1,"minecraft:nether_brick_stairs":8,"minecraft:oak_planks":408,"minecraft:cobblestone_slab":252,"minecraft:packed_mud":4,"minecraft:cooked_chicken":6,"minecraft:stone":64,"minecraft:spruce_pressure_plate":8,"minecraft:hopper":7,"minecraft:stone_brick_slab":48,"minecraft:iron_boots":4,"minecraft:chest":17,"minecraft:copper_block":10,"minecraft:rail":16,"minecraft:ender_eye":6,"minecraft:stone_bricks":112,"minecraft:oak_fence":33,"minecraft:smoker":2,"minecraft:golden_boots":1,"minecraft:oak_slab":24,"minecraft:item_frame":2,"minecraft:cauldron":1,"minecraft:crafting_table":14,"minecraft:spruce_planks":812,"minecraft:baked_potato":452,"minecraft:wooden_pickaxe":1,"minecraft:iron_helmet":7,"minecraft:red_wool":3,"minecraft:gold_block":10,"minecraft:spruce_trapdoor":84,"minecraft:book":26,"minecraft:iron_chestplate":4,"minecraft:paper":198,"minecraft:diamond_pickaxe":2,"minecraft:charcoal":2,"minecraft:yellow_dye":8,"minecraft:stick":312,"minecraft:iron_ingot":566,"minecraft:snow_block":11,"minecraft:light_gray_stained_glass_pane":32,"minecraft:deepslate_tile_slab":8,"minecraft:polished_andesite":232,"minecraft:cherry_planks":48,"minecraft:stone_brick_wall":6,"minecraft:spruce_button":2,"minecraft:furnace":7,"minecraft:mud_bricks":4,"minecraft:glass_pane":32,"minecraft:flint_and_steel":1,"minecraft:iron_axe":12,"minecraft:iron_hoe":2,"minecraft:minecart":2,"minecraft:cooked_beef":21,"minecraft:red_dye":3,"minecraft:diamond_sword":1,"minecraft:powered_rail":18,"minecraft:iron_sword":7,"minecraft:cooked_salmon":14,"minecraft:bucket":4,"minecraft:air":0,"minecraft:oak_boat":4,"minecraft:white_wool":11,"minecraft:white_dye":11,"minecraft:stonecutter":1,"minecraft:torch":572,"minecraft:lapis_lazuli":18,"minecraft:lapis_block":21},"minecraft:custom":{"minecraft:interact_with_crafting_table":231,"minecraft:open_barrel":186,"minecraft:bell_ring":7,"minecraft:leave_game":17,"minecraft:time_since_death":109644,"minecraft:play_time":1657977,"minecraft:deaths":8,"minecraft:jump":18588,"minecraft:enchant_item":8,"minecraft:interact_with_furnace":285,"minecraft:interact_with_cartography_table":6,"minecraft:sleep_in_bed":46,"minecraft:damage_dealt":60340,"minecraft:interact_with_smoker":75,"minecraft:horse_one_cm":4274390,"minecraft:interact_with_smithing_table":4,"minecraft:interact_with_anvil":15,"minecraft:inspect_hopper":2,"minecraft:sneak_time":46495,"minecraft:interact_with_blast_furnace":53,"minecraft:total_world_time":1657977,"minecraft:tune_noteblock":97,"minecraft:interact_with_stonecutter":5,"minecraft:time_since_rest":67984,"minecraft:swim_one_cm":303064,"minecraft:fly_one_cm":3325083,"minecraft:open_chest":992,"minecraft:fall_one_cm":499822,"minecraft:sprint_one_cm":3053714,"minecraft:drop":241,"minecraft:play_noteblock":1,"minecraft:talked_to_villager":91,"minecraft:interact_with_brewingstand":4,"minecraft:walk_on_water_one_cm":200960,"minecraft:interact_with_loom":1,"minecraft:open_enderchest":81,"minecraft:crouch_one_cm":171401,"minecraft:mob_kills":440,"minecraft:fill_cauldron":2,"minecraft:climb_one_cm":15214,"minecraft:walk_one_cm":2519911,"minecraft:walk_under_water_one_cm":159516,"minecraft:boat_one_cm":2457005,"minecraft:damage_taken":15959,"minecraft:minecart_one_cm":2631},"minecraft:picked_up":{"minecraft:iron_chestplate":7,"minecraft:flower_pot":1,"minecraft:anvil":1,"minecraft:stone_slab":37,"minecraft:smithing_table":3,"minecraft:lead":24,"minecraft:oak_stairs":4,"minecraft:enchanted_book":1,"minecraft:brewing_stand":2,"minecraft:golden_sword":1,"minecraft:soul_soil":3,"minecraft:string":67,"minecraft:shroomlight":7,"minecraft:gold_nugget":48,"minecraft:cobbled_deepslate":1184,"minecraft:spruce_planks":19,"minecraft:melon_slice":81,"minecraft:composter":1,"minecraft:cherry_log":47,"minecraft:cauldron":3,"minecraft:black_dye":1,"minecraft:stone_sword":2,"minecraft:iron_block":34,"minecraft:blaze_rod":44,"minecraft:iron_bars":14,"minecraft:magma_block":2,"minecraft:feather":14,"minecraft:cooked_beef":10,"minecraft:water_bucket":3,"minecraft:smoker":4,"minecraft:flint":7,"minecraft:lantern":7,"minecraft:stonecutter":2,"minecraft:rabbit":3,"minecraft:glowstone_dust":35,"minecraft:stripped_spruce_log":1,"minecraft:ink_sac":5,"minecraft:dark_oak_log":1033,"minecraft:iron_hoe":1,"minecraft:polished_andesite":2,"minecraft:deepslate":128,"minecraft:lever":2,"minecraft:granite":23,"minecraft:crimson_roots":4,"minecraft:diamond_pickaxe":7,"minecraft:mud":4,"minecraft:crafting_table":18,"minecraft:bee_nest":3,"minecraft:clay_ball":8,"minecraft:red_bed":4,"minecraft:flint_and_steel":2,"minecraft:white_carpet":21,"minecraft:iron_shovel":3,"minecraft:cartography_table":1,"minecraft:deepslate_diamond_ore":3,"minecraft:beef":59,"minecraft:poppy":3,"minecraft:spruce_slab":31,"minecraft:minecart":6,"minecraft:chest":16,"minecraft:egg":11,"minecraft:stone":707,"minecraft:oak_door":2,"minecraft:spruce_fence":20,"minecraft:fire_charge":5,"minecraft:carrot":217,"minecraft:redstone":236,"minecraft:stone_shovel":4,"minecraft:beetroot_seeds":10,"minecraft:hay_block":79,"minecraft:gold_ingot":27,"minecraft:mutton":26,"minecraft:rail":71,"minecraft:bone_block":4,"minecraft:white_wool":31,"minecraft:oxeye_daisy":5,"minecraft:lapis_ore":3,"minecraft:lime_bed":2,"minecraft:yellow_dye":10,"minecraft:oak_log":293,"minecraft:paper":11,"minecraft:stone_bricks":157,"minecraft:apple":5,"minecraft:kelp":37,"minecraft:stone_pickaxe":1,"minecraft:glass_bottle":2,"minecraft:iron_sword":8,"minecraft:gravel":29,"minecraft:spruce_sapling":118,"minecraft:spruce_log":723,"minecraft:crying_obsidian":4,"minecraft:coal_ore":15,"minecraft:slime_ball":14,"minecraft:stone_axe":1,"minecraft:deepslate_redstone_ore":3,"minecraft:gray_wool":3,"minecraft:baked_potato":207,"minecraft:melon_seeds":4,"minecraft:crimson_nylium":25,"minecraft:ender_pearl":8,"minecraft:wheat":44,"minecraft:nether_brick_fence":19,"minecraft:redstone_block":35,"minecraft:ender_chest":12,"minecraft:potion":3,"minecraft:nether_brick":10,"minecraft:stone_brick_stairs":9,"minecraft:raw_copper":181,"minecraft:deepslate_lapis_ore":1,"minecraft:iron_leggings":8,"minecraft:oak_sign":3,"minecraft:smooth_stone":10,"minecraft:bucket":5,"minecraft:redstone_torch":2,"minecraft:cobblestone_slab":405,"minecraft:iron_pickaxe":6,"minecraft:deepslate_iron_ore":2,"minecraft:iron_boots":7,"minecraft:furnace":8,"minecraft:tipped_arrow":1,"minecraft:stick":131,"minecraft:oak_fence":9,"minecraft:torch":663,"minecraft:spruce_stairs":51,"minecraft:porkchop":14,"minecraft:pointed_dripstone":41,"minecraft:diorite":209,"minecraft:quartz_block":1,"minecraft:nether_gold_ore":1,"minecraft:cactus":1,"minecraft:rotten_flesh":105,"minecraft:deepslate_brick_stairs":1,"minecraft:obsidian":316,"minecraft:blaze_powder":8,"minecraft:cobblestone":766,"minecraft:enchanting_table":1,"minecraft:andesite":332,"minecraft:potato":885,"minecraft:tuff":193,"minecraft:dirt":1237,"minecraft:lapis_lazuli":106,"minecraft:name_tag":3,"minecraft:bone":100,"minecraft:bow":15,"minecraft:wheat_seeds":202,"minecraft:bell":1,"minecraft:raw_gold":51,"minecraft:fletching_table":3,"minecraft:mossy_stone_bricks":4,"minecraft:powered_rail":41,"minecraft:oak_planks":36,"minecraft:cooked_porkchop":12,"minecraft:poisonous_potato":6,"minecraft:sand":72,"minecraft:nether_brick_stairs":1,"minecraft:grass_block":1,"minecraft:spectral_arrow":12,"minecraft:diamond":31,"minecraft:spruce_boat":14,"minecraft:bone_meal":2,"minecraft:emerald":1,"minecraft:oak_sapling":29,"minecraft:netherrack":456,"minecraft:azure_bluet":4,"minecraft:splash_potion":3,"minecraft:chicken":15,"minecraft:ladder":7,"minecraft:chest_minecart":1,"minecraft:brown_mushroom":4,"minecraft:stone_brick_wall":1,"minecraft:gold_block":6,"minecraft:stone_stairs":4,"minecraft:oak_trapdoor":3,"minecraft:iron_axe":2,"minecraft:oak_boat":24,"minecraft:light_gray_wool":1,"minecraft:lectern":2,"minecraft:sugar_cane":312,"minecraft:spruce_trapdoor":12,"minecraft:dark_oak_sapling":44,"minecraft:raw_iron":191,"minecraft:note_block":1,"minecraft:light_gray_stained_glass_pane":32,"minecraft:dark_oak_planks":1,"minecraft:weeping_vines":3,"minecraft:arrow":120,"minecraft:nether_bricks":858,"minecraft:basalt":1,"minecraft:glow_ink_sac":8,"minecraft:crimson_stem":6,"minecraft:salmon":22,"minecraft:leather":42,"minecraft:crimson_fungus":1,"minecraft:nether_wart_block":11,"minecraft:yellow_bed":5,"minecraft:gunpowder":19,"minecraft:cooked_mutton":5,"minecraft:red_carpet":4,"minecraft:deepslate_emerald_ore":1,"minecraft:rabbit_hide":1,"minecraft:iron_ingot":46,"minecraft:soul_sand":22,"minecraft:music_disc_chirp":1,"minecraft:book":33,"minecraft:oak_slab":11,"minecraft:warped_fungus":1,"minecraft:pumpkin":8,"minecraft:stone_brick_slab":21,"minecraft:quartz":94,"minecraft:dandelion":13,"minecraft:dripstone_block":38,"minecraft:blast_furnace":7,"minecraft:white_bed":5,"minecraft:spider_eye":6,"minecraft:lime_dye":1,"minecraft:iron_helmet":7,"minecraft:cherry_sapling":8,"minecraft:black_wool":1,"minecraft:coal":562},"minecraft:killed_by":{"minecraft:blaze":2,"minecraft:spider":1},"minecraft:dropped":{"minecraft:iron_sword":4,"minecraft:glow_ink_sac":1,"minecraft:diamond":1,"minecraft:weeping_vines":3,"minecraft:rail":58,"minecraft:dirt":28,"minecraft:bone_block":2,"minecraft:iron_pickaxe":5,"minecraft:bone":4,"minecraft:sugar_cane":10,"minecraft:cobbled_deepslate":160,"minecraft:rotten_flesh":44,"minecraft:oak_planks":4,"minecraft:salmon":3,"minecraft:beef":4,"minecraft:stone_brick_stairs":6,"minecraft:iron_ingot":19,"minecraft:golden_boots":1,"minecraft:wheat_seeds":18,"minecraft:dripstone_block":5,"minecraft:feather":2,"minecraft:iron_helmet":2,"minecraft:cobblestone":130,"minecraft:oxeye_daisy":1,"minecraft:iron_shovel":1,"minecraft:string":4,"minecraft:furnace":2,"minecraft:stone_sword":1,"minecraft:chicken":4,"minecraft:white_carpet":18,"minecraft:clay_ball":4,"minecraft:iron_boots":1,"minecraft:oak_sign":1,"minecraft:shroomlight":2,"minecraft:stone":1,"minecraft:wooden_shovel":1,"minecraft:redstone_torch":1,"minecraft:spider_eye":4,"minecraft:bow":6,"minecraft:brown_mushroom":4,"minecraft:baked_potato":123,"minecraft:chest_minecart":1,"minecraft:leather":3,"minecraft:mutton":7,"minecraft:gold_ingot":39,"minecraft:gravel":14,"minecraft:pointed_dripstone":34,"minecraft:cooked_mutton":1,"minecraft:stone_stairs":4,"minecraft:carrot":26,"minecraft:rabbit_hide":1,"minecraft:gunpowder":4,"minecraft:beetroot_seeds":10,"minecraft:melon_seeds":4,"minecraft:spruce_pressure_plate":8,"minecraft:iron_bars":8,"minecraft:arrow":2,"minecraft:netherrack":8,"minecraft:poisonous_potato":5,"minecraft:stick":17,"minecraft:iron_block":2,"minecraft:diorite":4,"minecraft:torch":39,"minecraft:nether_wart_block":3,"minecraft:melon_slice":1,"minecraft:iron_leggings":2,"minecraft:iron_axe":2,"minecraft:bucket":2,"minecraft:dandelion":1,"minecraft:redstone":1,"minecraft:kelp":37,"minecraft:oak_trapdoor":1,"minecraft:tuff":13,"minecraft:iron_chestplate":1,"minecraft:andesite":2,"minecraft:oak_boat":3,"minecraft:wooden_pickaxe":1},"minecraft:killed":{"minecraft:skeleton":49,"minecraft:chicken":12,"minecraft:salmon":23,"minecraft:pillager":1,"minecraft:donkey":1,"minecraft:zombie":75,"minecraft:glow_squid":1,"minecraft:cow":25,"minecraft:rabbit":2,"minecraft:wandering_trader":1,"minecraft:enderman":4,"minecraft:witch":1,"minecraft:spider":25,"minecraft:silverfish":2,"minecraft:piglin":4,"minecraft:pig":7,"minecraft:zombie_villager":2,"minecraft:creeper":13,"minecraft:sheep":20,"minecraft:stray":3,"minecraft:ghast":1,"minecraft:blaze":143,"minecraft:slime":6,"minecraft:drowned":2,"minecraft:hoglin":2,"minecraft:squid":1,"minecraft:wither_skeleton":9}},"DataVersion":3465}