{"stats":{"minecraft:crafted":{"minecraft:ender_chest":2,"minecraft:yellow_wool":3,"minecraft:oak_planks":372,"minecraft:cobblestone_slab":252,"minecraft:blaze_powder":10,"minecraft:cooked_chicken":6,"minecraft:stone":64,"minecraft:bookshelf":17,"minecraft:cooked_mutton":4,"minecraft:quartz_block":29,"minecraft:glass":30,"minecraft:hopper":4,"minecraft:iron_boots":4,"minecraft:melon_seeds":2,"minecraft:chest":10,"minecraft:copper_block":10,"minecraft:ender_eye":6,"minecraft:stone_bricks":76,"minecraft:oak_fence":33,"minecraft:golden_boots":1,"minecraft:smoker":2,"minecraft:item_frame":2,"minecraft:oak_slab":24,"minecraft:cooked_porkchop":15,"minecraft:crafting_table":8,"minecraft:spruce_planks":48,"minecraft:polished_andesite_stairs":80,"minecraft:glow_item_frame":2,"minecraft:iron_helmet":6,"minecraft:baked_potato":452,"minecraft:red_wool":3,"minecraft:copper_ingot":96,"minecraft:gold_block":10,"minecraft:iron_chestplate":4,"minecraft:book":26,"minecraft:paper":165,"minecraft:diamond_pickaxe":2,"minecraft:charcoal":2,"minecraft:yellow_dye":8,"minecraft:stick":200,"minecraft:iron_ingot":510,"minecraft:iron_pickaxe":8,"minecraft:iron_block":42,"minecraft:snow_block":11,"minecraft:gold_ingot":72,"minecraft:polished_andesite":232,"minecraft:cherry_planks":4,"minecraft:furnace":6,"minecraft:yellow_bed":1,"minecraft:bone_meal":42,"minecraft:flint_and_steel":1,"minecraft:iron_axe":8,"minecraft:iron_hoe":1,"minecraft:stone_pickaxe":2,"minecraft:redstone_block":35,"minecraft:dark_oak_planks":4,"minecraft:lead":4,"minecraft:cooked_beef":21,"minecraft:red_dye":3,"minecraft:enchanting_table":1,"minecraft:iron_sword":6,"minecraft:red_bed":1,"minecraft:cooked_salmon":14,"minecraft:bucket":4,"minecraft:air":0,"minecraft:oak_fence_gate":1,"minecraft:oak_boat":3,"minecraft:oak_stairs":8,"minecraft:iron_shovel":1,"minecraft:iron_leggings":4,"minecraft:white_bed":3,"minecraft:note_block":1,"minecraft:torch":556,"minecraft:lapis_lazuli":18,"minecraft:lapis_block":21},"minecraft:used":{"minecraft:cherry_sapling":8,"minecraft:iron_shovel":45,"minecraft:chest":19,"minecraft:iron_sword":931,"minecraft:rotten_flesh":9,"minecraft:iron_chestplate":1,"minecraft:soul_sand":3,"minecraft:nether_bricks":12,"minecraft:tuff":34,"minecraft:snowball":1,"minecraft:obsidian":136,"minecraft:lava_bucket":4,"minecraft:lantern":3,"minecraft:iron_helmet":1,"minecraft:stone_bricks":123,"minecraft:magma_block":1,"minecraft:bow":86,"minecraft:oak_sapling":26,"minecraft:furnace":7,"minecraft:beetroot_seeds":5,"minecraft:egg":3,"minecraft:potato":345,"minecraft:diorite":23,"minecraft:oak_planks":9,"minecraft:stone_pickaxe":243,"minecraft:ender_pearl":1,"minecraft:sugar_cane":47,"minecraft:blast_furnace":6,"minecraft:note_block":2,"minecraft:dark_oak_log":8,"minecraft:bread":1,"minecraft:gravel":1,"minecraft:smithing_table":1,"minecraft:andesite":5,"minecraft:oak_boat":11,"minecraft:oak_fence":38,"minecraft:bone_meal":43,"minecraft:oak_trapdoor":2,"minecraft:iron_bars":2,"minecraft:enchanting_table":2,"minecraft:stone_sword":55,"minecraft:flint_and_steel":23,"minecraft:stone_shovel":118,"minecraft:spruce_planks":1,"minecraft:ender_chest":4,"minecraft:cooked_salmon":8,"minecraft:wooden_shovel":12,"minecraft:cooked_chicken":6,"minecraft:netherrack":79,"minecraft:torch":573,"minecraft:brewing_stand":1,"minecraft:dirt":217,"minecraft:anvil":1,"minecraft:golden_shovel":32,"minecraft:granite":7,"minecraft:oak_fence_gate":1,"minecraft:shroomlight":1,"minecraft:iron_hoe":95,"minecraft:dark_oak_planks":1,"minecraft:bookshelf":17,"minecraft:iron_axe":1545,"minecraft:oak_stairs":10,"minecraft:iron_boots":1,"minecraft:melon_seeds":4,"minecraft:goat_horn":2,"minecraft:cooked_beef":19,"minecraft:cobbled_deepslate":618,"minecraft:cherry_log":2,"minecraft:golden_axe":96,"minecraft:iron_leggings":1,"minecraft:cooked_mutton":3,"minecraft:wheat_seeds":44,"minecraft:water_bucket":84,"minecraft:lead":1,"minecraft:polished_andesite":1,"minecraft:baked_potato":179,"minecraft:fletching_table":1,"minecraft:cobblestone_slab":11,"minecraft:glow_item_frame":2,"minecraft:oak_slab":38,"minecraft:lime_bed":1,"minecraft:crafting_table":12,"minecraft:red_bed":4,"minecraft:white_bed":4,"minecraft:spruce_log":6,"minecraft:smoker":6,"minecraft:oak_log":43,"minecraft:diamond_pickaxe":2603,"minecraft:iron_pickaxe":1449,"minecraft:crimson_nylium":6,"minecraft:stone_axe":65,"minecraft:cobblestone":584,"minecraft:cooked_porkchop":25,"minecraft:bucket":92,"minecraft:yellow_bed":4,"minecraft:dandelion":1,"minecraft:smooth_stone":1},"minecraft:mined":{"minecraft:dark_oak_planks":1,"minecraft:spruce_planks":1,"minecraft:white_bed":1,"minecraft:cherry_log":48,"minecraft:potted_cactus":1,"minecraft:brewing_stand":2,"minecraft:obsidian":243,"minecraft:granite":17,"minecraft:grass_block":154,"minecraft:soul_soil":1,"minecraft:crimson_fungus":1,"minecraft:oak_wall_sign":1,"minecraft:oxeye_daisy":3,"minecraft:smooth_stone":10,"minecraft:weeping_vines_plant":2,"minecraft:tall_seagrass":2,"minecraft:magma_block":2,"minecraft:glowstone":11,"minecraft:iron_ore":135,"minecraft:fire":34,"minecraft:cobbled_deepslate":74,"minecraft:pumpkin":10,"minecraft:anvil":1,"minecraft:deepslate_lapis_ore":4,"minecraft:fletching_table":2,"minecraft:azure_bluet":2,"minecraft:enchanting_table":1,"minecraft:pointed_dripstone":7,"minecraft:water_cauldron":1,"minecraft:oak_stairs":4,"minecraft:iron_bars":6,"minecraft:deepslate_redstone_ore":63,"minecraft:red_bed":4,"minecraft:crimson_nylium":10,"minecraft:smoker":4,"minecraft:soul_fire":2,"minecraft:torch":11,"minecraft:note_block":1,"minecraft:blast_furnace":6,"minecraft:poppy":3,"minecraft:melon":18,"minecraft:chest":15,"minecraft:nether_quartz_ore":88,"minecraft:cobblestone":80,"minecraft:oak_planks":11,"minecraft:sugar_cane":176,"minecraft:wall_torch":12,"minecraft:seagrass":1,"minecraft:nether_wart_block":9,"minecraft:wheat":45,"minecraft:warped_fungus":1,"minecraft:grass":277,"minecraft:oak_log":273,"minecraft:sand":32,"minecraft:dirt":162,"minecraft:red_mushroom_block":2,"minecraft:netherrack":144,"minecraft:oak_leaves":65,"minecraft:deepslate":1135,"minecraft:infested_deepslate":2,"minecraft:nether_gold_ore":15,"minecraft:crying_obsidian":2,"minecraft:tuff":193,"minecraft:red_carpet":2,"minecraft:dark_oak_leaves":11,"minecraft:deepslate_diamond_ore":18,"minecraft:cherry_sapling":1,"minecraft:dark_oak_log":1012,"minecraft:glow_lichen":3,"minecraft:nether_bricks":159,"minecraft:weeping_vines":1,"minecraft:spruce_leaves":66,"minecraft:crimson_stem":6,"minecraft:hay_block":79,"minecraft:oak_trapdoor":1,"minecraft:furnace":6,"minecraft:andesite":334,"minecraft:gold_block":6,"minecraft:nether_brick_fence":5,"minecraft:bookshelf":10,"minecraft:potatoes":258,"minecraft:shroomlight":3,"minecraft:deepslate_iron_ore":38,"minecraft:rail":1,"minecraft:lantern":2,"minecraft:stone":640,"minecraft:bone_block":2,"minecraft:ender_chest":2,"minecraft:smithing_table":2,"minecraft:oak_slab":9,"minecraft:soul_sand":3,"minecraft:basalt":1,"minecraft:dandelion":9,"minecraft:oak_fence":7,"minecraft:crafting_table":5,"minecraft:emerald_ore":1,"minecraft:lectern":1,"minecraft:copper_ore":40,"minecraft:tall_grass":53,"minecraft:deepslate_coal_ore":2,"minecraft:lapis_ore":17,"minecraft:deepslate_gold_ore":42,"minecraft:diorite":47,"minecraft:warped_wart_block":2,"minecraft:lime_bed":1,"minecraft:redstone_torch":1,"minecraft:white_carpet":5,"minecraft:spruce_log":191,"minecraft:bee_nest":3,"minecraft:yellow_bed":3,"minecraft:coal_ore":487,"minecraft:cherry_leaves":43,"minecraft:gravel":18,"minecraft:dripstone_block":28,"minecraft:cobweb":12,"minecraft:polished_andesite":1,"minecraft:stone_bricks":124,"minecraft:mossy_stone_bricks":4,"minecraft:gold_ore":9,"minecraft:deepslate_emerald_ore":1},"minecraft:killed_by":{"minecraft:blaze":1},"minecraft:broken":{"minecraft:golden_shovel":1,"minecraft:golden_leggings":1,"minecraft:stone_pickaxe":1,"minecraft:stone_axe":1,"minecraft:iron_sword":3,"minecraft:stone_shovel":1,"minecraft:iron_axe":5,"minecraft:iron_pickaxe":4,"minecraft:iron_helmet":2},"minecraft:custom":{"minecraft:interact_with_crafting_table":153,"minecraft:open_barrel":116,"minecraft:bell_ring":6,"minecraft:leave_game":10,"minecraft:time_since_death":8612,"minecraft:sprint_one_cm":2319715,"minecraft:drop":199,"minecraft:play_noteblock":1,"minecraft:talked_to_villager":23,"minecraft:play_time":1167439,"minecraft:deaths":4,"minecraft:jump":14511,"minecraft:interact_with_brewingstand":4,"minecraft:walk_on_water_one_cm":150925,"minecraft:enchant_item":8,"minecraft:interact_with_furnace":277,"minecraft:interact_with_loom":1,"minecraft:sleep_in_bed":28,"minecraft:open_enderchest":26,"minecraft:damage_dealt":42072,"minecraft:crouch_one_cm":97183,"minecraft:interact_with_smoker":75,"minecraft:horse_one_cm":4274390,"minecraft:interact_with_smithing_table":3,"minecraft:interact_with_anvil":10,"minecraft:mob_kills":320,"minecraft:climb_one_cm":6586,"minecraft:walk_one_cm":1638826,"minecraft:sneak_time":23989,"minecraft:walk_under_water_one_cm":158084,"minecraft:boat_one_cm":1287050,"minecraft:interact_with_blast_furnace":38,"minecraft:total_world_time":1167439,"minecraft:tune_noteblock":97,"minecraft:time_since_rest":8635,"minecraft:damage_taken":11064,"minecraft:swim_one_cm":292554,"minecraft:fly_one_cm":2628995,"minecraft:open_chest":758,"minecraft:fall_one_cm":379471},"minecraft:killed":{"minecraft:witch":1,"minecraft:spider":22,"minecraft:skeleton":47,"minecraft:chicken":12,"minecraft:silverfish":2,"minecraft:pig":7,"minecraft:zombie_villager":2,"minecraft:salmon":23,"minecraft:creeper":10,"minecraft:sheep":20,"minecraft:pillager":1,"minecraft:zombie":63,"minecraft:donkey":1,"minecraft:stray":3,"minecraft:ghast":1,"minecraft:glow_squid":1,"minecraft:blaze":51,"minecraft:cow":25,"minecraft:slime":6,"minecraft:rabbit":2,"minecraft:wandering_trader":1,"minecraft:hoglin":1,"minecraft:squid":1,"minecraft:wither_skeleton":8,"minecraft:enderman":4},"minecraft:picked_up":{"minecraft:iron_chestplate":5,"minecraft:wheat":44,"minecraft:nether_brick_fence":9,"minecraft:redstone_block":35,"minecraft:ender_chest":2,"minecraft:flower_pot":1,"minecraft:anvil":1,"minecraft:smithing_table":3,"minecraft:lead":24,"minecraft:oak_stairs":4,"minecraft:potion":3,"minecraft:enchanted_book":1,"minecraft:nether_brick":10,"minecraft:stone_brick_stairs":6,"minecraft:brewing_stand":2,"minecraft:string":54,"minecraft:soul_soil":3,"minecraft:raw_copper":181,"minecraft:deepslate_lapis_ore":1,"minecraft:iron_leggings":4,"minecraft:shroomlight":7,"minecraft:oak_sign":3,"minecraft:cobbled_deepslate":1033,"minecraft:gold_nugget":48,"minecraft:smooth_stone":10,"minecraft:bucket":2,"minecraft:spruce_planks":1,"minecraft:redstone_torch":2,"minecraft:cobblestone_slab":246,"minecraft:iron_pickaxe":5,"minecraft:melon_slice":81,"minecraft:deepslate_iron_ore":2,"minecraft:iron_boots":3,"minecraft:furnace":8,"minecraft:tipped_arrow":1,"minecraft:stick":55,"minecraft:oak_fence":9,"minecraft:torch":363,"minecraft:porkchop":14,"minecraft:cherry_log":47,"minecraft:pointed_dripstone":41,"minecraft:diorite":98,"minecraft:cauldron":2,"minecraft:black_dye":1,"minecraft:nether_gold_ore":1,"minecraft:quartz_block":1,"minecraft:stone_sword":2,"minecraft:cactus":1,"minecraft:rotten_flesh":80,"minecraft:iron_block":16,"minecraft:blaze_rod":42,"minecraft:blaze_powder":8,"minecraft:obsidian":316,"minecraft:iron_bars":14,"minecraft:cobblestone":671,"minecraft:enchanting_table":1,"minecraft:magma_block":2,"minecraft:feather":14,"minecraft:cooked_beef":10,"minecraft:water_bucket":2,"minecraft:andesite":332,"minecraft:smoker":4,"minecraft:potato":885,"minecraft:flint":7,"minecraft:tuff":168,"minecraft:lapis_lazuli":106,"minecraft:dirt":460,"minecraft:lantern":5,"minecraft:name_tag":3,"minecraft:bone":72,"minecraft:bow":12,"minecraft:wheat_seeds":178,"minecraft:raw_gold":51,"minecraft:mossy_stone_bricks":4,"minecraft:fletching_table":3,"minecraft:rabbit":3,"minecraft:glowstone_dust":35,"minecraft:oak_planks":20,"minecraft:cooked_porkchop":12,"minecraft:poisonous_potato":6,"minecraft:sand":32,"minecraft:ink_sac":5,"minecraft:grass_block":1,"minecraft:spectral_arrow":12,"minecraft:dark_oak_log":1033,"minecraft:polished_andesite":1,"minecraft:diamond":15,"minecraft:deepslate":128,"minecraft:granite":23,"minecraft:bone_meal":2,"minecraft:emerald":1,"minecraft:oak_sapling":27,"minecraft:netherrack":206,"minecraft:crimson_roots":2,"minecraft:diamond_pickaxe":3,"minecraft:crafting_table":7,"minecraft:bee_nest":3,"minecraft:azure_bluet":4,"minecraft:splash_potion":3,"minecraft:chicken":15,"minecraft:clay_ball":8,"minecraft:chest_minecart":1,"minecraft:gold_block":6,"minecraft:oak_trapdoor":3,"minecraft:red_bed":4,"minecraft:iron_axe":1,"minecraft:flint_and_steel":2,"minecraft:white_carpet":21,"minecraft:iron_shovel":1,"minecraft:cartography_table":1,"minecraft:deepslate_diamond_ore":3,"minecraft:beef":59,"minecraft:oak_boat":13,"minecraft:poppy":3,"minecraft:light_gray_wool":1,"minecraft:lectern":2,"minecraft:sugar_cane":277,"minecraft:chest":15,"minecraft:egg":11,"minecraft:dark_oak_sapling":44,"minecraft:raw_iron":171,"minecraft:stone":81,"minecraft:oak_door":1,"minecraft:note_block":1,"minecraft:fire_charge":5,"minecraft:carrot":2,"minecraft:redstone":235,"minecraft:dark_oak_planks":1,"minecraft:arrow":115,"minecraft:weeping_vines":3,"minecraft:stone_shovel":2,"minecraft:beetroot_seeds":10,"minecraft:nether_bricks":270,"minecraft:hay_block":79,"minecraft:gold_ingot":27,"minecraft:mutton":26,"minecraft:bone_block":4,"minecraft:rail":30,"minecraft:white_wool":31,"minecraft:oxeye_daisy":5,"minecraft:lapis_ore":3,"minecraft:lime_bed":1,"minecraft:basalt":1,"minecraft:glow_ink_sac":8,"minecraft:crimson_stem":6,"minecraft:salmon":22,"minecraft:leather":42,"minecraft:yellow_dye":10,"minecraft:crimson_fungus":1,"minecraft:oak_log":284,"minecraft:yellow_bed":3,"minecraft:nether_wart_block":11,"minecraft:gunpowder":16,"minecraft:paper":11,"minecraft:cooked_mutton":5,"minecraft:red_carpet":4,"minecraft:apple":5,"minecraft:stone_bricks":157,"minecraft:kelp":37,"minecraft:deepslate_emerald_ore":1,"minecraft:rabbit_hide":1,"minecraft:iron_ingot":27,"minecraft:stone_pickaxe":1,"minecraft:iron_sword":4,"minecraft:soul_sand":20,"minecraft:music_disc_chirp":1,"minecraft:book":33,"minecraft:oak_slab":11,"minecraft:warped_fungus":1,"minecraft:pumpkin":8,"minecraft:quartz":94,"minecraft:dandelion":10,"minecraft:dripstone_block":38,"minecraft:gravel":20,"minecraft:spruce_sapling":1,"minecraft:blast_furnace":7,"minecraft:white_bed":1,"minecraft:spruce_log":250,"minecraft:crying_obsidian":4,"minecraft:spider_eye":6,"minecraft:lime_dye":1,"minecraft:coal_ore":7,"minecraft:slime_ball":14,"minecraft:stone_axe":1,"minecraft:iron_helmet":5,"minecraft:deepslate_redstone_ore":3,"minecraft:cherry_sapling":8,"minecraft:gray_wool":3,"minecraft:baked_potato":166,"minecraft:melon_seeds":4,"minecraft:black_wool":1,"minecraft:crimson_nylium":21,"minecraft:coal":531,"minecraft:ender_pearl":8},"minecraft:dropped":{"minecraft:iron_sword":2,"minecraft:baked_potato":123,"minecraft:glow_ink_sac":1,"minecraft:diamond":1,"minecraft:weeping_vines":3,"minecraft:chest_minecart":1,"minecraft:leather":3,"minecraft:rail":58,"minecraft:dirt":28,"minecraft:mutton":7,"minecraft:bone_block":2,"minecraft:iron_pickaxe":5,"minecraft:gold_ingot":39,"minecraft:bone":2,"minecraft:gravel":14,"minecraft:sugar_cane":10,"minecraft:cobbled_deepslate":160,"minecraft:pointed_dripstone":34,"minecraft:rotten_flesh":29,"minecraft:oak_planks":4,"minecraft:cooked_mutton":1,"minecraft:salmon":3,"minecraft:rabbit_hide":1,"minecraft:gunpowder":2,"minecraft:beetroot_seeds":10,"minecraft:melon_seeds":4,"minecraft:iron_bars":8,"minecraft:beef":4,"minecraft:stone_brick_stairs":6,"minecraft:netherrack":8,"minecraft:golden_boots":1,"minecraft:iron_ingot":19,"minecraft:wheat_seeds":5,"minecraft:dripstone_block":5,"minecraft:poisonous_potato":5,"minecraft:iron_helmet":2,"minecraft:feather":2,"minecraft:cobblestone":130,"minecraft:stick":17,"minecraft:oxeye_daisy":1,"minecraft:iron_block":2,"minecraft:diorite":4,"minecraft:torch":39,"minecraft:nether_wart_block":3,"minecraft:melon_slice":1,"minecraft:iron_leggings":2,"minecraft:iron_axe":2,"minecraft:string":4,"minecraft:bucket":2,"minecraft:furnace":2,"minecraft:kelp":37,"minecraft:oak_trapdoor":1,"minecraft:stone_sword":1,"minecraft:tuff":13,"minecraft:chicken":4,"minecraft:white_carpet":18,"minecraft:clay_ball":4,"minecraft:iron_boots":1,"minecraft:oak_sign":1,"minecraft:shroomlight":2,"minecraft:stone":1,"minecraft:iron_chestplate":1,"minecraft:andesite":2,"minecraft:oak_boat":3,"minecraft:wooden_shovel":1,"minecraft:redstone_torch":1,"minecraft:spider_eye":4,"minecraft:bow":6}},"DataVersion":3465}