{"stats":{"minecraft:crafted":{"minecraft:ender_chest":2,"minecraft:black_dye":3,"minecraft:yellow_wool":3,"minecraft:dark_oak_wood":18,"minecraft:blaze_powder":10,"minecraft:chain":12,"minecraft:birch_slab":24,"minecraft:lever":3,"minecraft:bookshelf":19,"minecraft:cooked_mutton":4,"minecraft:quartz_block":29,"minecraft:glass":59,"minecraft:diamond_helmet":1,"minecraft:diamond_leggings":1,"minecraft:melon_seeds":2,"minecraft:stripped_dark_oak_wood":3,"minecraft:warped_stairs":80,"minecraft:glass_bottle":3,"minecraft:redstone_lamp":1,"minecraft:emerald":48,"minecraft:cooked_porkchop":15,"minecraft:diamond_axe":1,"minecraft:polished_andesite_stairs":80,"minecraft:glow_item_frame":2,"minecraft:spruce_door":3,"minecraft:copper_ingot":96,"minecraft:hay_block":24,"minecraft:campfire":1,"minecraft:cartography_table":1,"minecraft:light_gray_bed":1,"minecraft:stone_brick_stairs":20,"minecraft:lectern":1,"minecraft:stone_slab":126,"minecraft:iron_pickaxe":10,"minecraft:iron_block":290,"minecraft:gold_ingot":90,"minecraft:sandstone":165,"minecraft:light_gray_dye":9,"minecraft:composter":2,"minecraft:spruce_fence_gate":3,"minecraft:golden_carrot":1,"minecraft:stone_shovel":3,"minecraft:iron_nugget":360,"minecraft:yellow_bed":1,"minecraft:bone_meal":42,"minecraft:spruce_fence":63,"minecraft:stone_stairs":4,"minecraft:lantern":39,"minecraft:dark_oak_fence":129,"minecraft:spruce_stairs":408,"minecraft:ladder":18,"minecraft:spruce_slab":162,"minecraft:stone_pickaxe":2,"minecraft:spruce_boat":2,"minecraft:redstone_block":35,"minecraft:dark_oak_planks":280,"minecraft:lead":4,"minecraft:wheat":872,"minecraft:enchanting_table":1,"minecraft:deepslate_brick_slab":10,"minecraft:red_bed":1,"minecraft:oak_fence_gate":1,"minecraft:chainmail_boots":6,"minecraft:oak_stairs":48,"minecraft:iron_shovel":8,"minecraft:iron_leggings":6,"minecraft:white_bed":10,"minecraft:note_block":1,"minecraft:nether_brick_stairs":8,"minecraft:oak_planks":1164,"minecraft:cobblestone_slab":252,"minecraft:barrel":17,"minecraft:packed_mud":4,"minecraft:cooked_chicken":6,"minecraft:stone":64,"minecraft:spruce_pressure_plate":8,"minecraft:warped_planks":256,"minecraft:hopper":7,"minecraft:stone_brick_slab":54,"minecraft:iron_boots":27,"minecraft:chest":139,"minecraft:copper_block":10,"minecraft:chiseled_stone_bricks":1,"minecraft:rail":16,"minecraft:ender_eye":6,"minecraft:stone_bricks":764,"minecraft:oak_fence":48,"minecraft:smoker":2,"minecraft:golden_boots":3,"minecraft:oak_slab":36,"minecraft:item_frame":2,"minecraft:cauldron":1,"minecraft:crafting_table":20,"minecraft:spruce_planks":2244,"minecraft:iron_helmet":8,"minecraft:wooden_pickaxe":1,"minecraft:baked_potato":452,"minecraft:red_wool":3,"minecraft:gold_block":10,"minecraft:birch_planks":270,"minecraft:spruce_trapdoor":134,"minecraft:book":35,"minecraft:iron_chestplate":4,"minecraft:paper":198,"minecraft:diamond_pickaxe":2,"minecraft:charcoal":2,"minecraft:yellow_dye":8,"minecraft:stick":744,"minecraft:warped_slab":120,"minecraft:iron_ingot":638,"minecraft:snow_block":11,"minecraft:redstone_torch":1,"minecraft:shears":2,"minecraft:light_gray_stained_glass_pane":32,"minecraft:deepslate_tile_slab":8,"minecraft:polished_andesite":232,"minecraft:cherry_planks":48,"minecraft:redstone":9,"minecraft:stone_brick_wall":36,"minecraft:spruce_button":6,"minecraft:furnace":7,"minecraft:mud_bricks":4,"minecraft:piston":1,"minecraft:oak_trapdoor":2,"minecraft:glass_pane":32,"minecraft:flint_and_steel":2,"minecraft:iron_axe":15,"minecraft:iron_hoe":2,"minecraft:minecart":2,"minecraft:cooked_beef":21,"minecraft:red_dye":3,"minecraft:smooth_sandstone_stairs":20,"minecraft:diamond_sword":1,"minecraft:powered_rail":18,"minecraft:iron_sword":13,"minecraft:smooth_sandstone":31,"minecraft:cooked_salmon":14,"minecraft:bucket":4,"minecraft:air":0,"minecraft:oak_boat":5,"minecraft:white_wool":11,"minecraft:white_dye":11,"minecraft:stonecutter":1,"minecraft:anvil":1,"minecraft:pumpkin_pie":4,"minecraft:torch":572,"minecraft:lapis_lazuli":54,"minecraft:lapis_block":21,"minecraft:diamond_chestplate":2},"minecraft:used":{"minecraft:spruce_slab":135,"minecraft:ladder":11,"minecraft:chest":165,"minecraft:stone":301,"minecraft:rotten_flesh":12,"minecraft:soul_sand":15,"minecraft:deepslate_brick_slab":4,"minecraft:snowball":1,"minecraft:stripped_spruce_log":53,"minecraft:spruce_boat":28,"minecraft:lava_bucket":8,"minecraft:stripped_dark_oak_wood":3,"minecraft:dark_oak_leaves":10,"minecraft:dark_oak_slab":76,"minecraft:stone_brick_stairs":38,"minecraft:bow":119,"minecraft:oak_sapling":26,"minecraft:furnace":10,"minecraft:egg":4,"minecraft:potato":345,"minecraft:deepslate_brick_wall":6,"minecraft:diorite":34,"minecraft:spruce_door":3,"minecraft:powered_rail":24,"minecraft:wooden_pickaxe":6,"minecraft:composter":4,"minecraft:oak_leaves":279,"minecraft:glow_berries":6,"minecraft:sand":17,"minecraft:blast_furnace":10,"minecraft:deepslate_brick_stairs":66,"minecraft:deepslate_iron_ore":11,"minecraft:lectern":8,"minecraft:flowering_azalea_leaves":27,"minecraft:diamond_sword":428,"minecraft:dark_oak_fence":62,"minecraft:smithing_table":1,"minecraft:oak_boat":24,"minecraft:oak_trapdoor":9,"minecraft:iron_bars":2,"minecraft:enchanting_table":2,"minecraft:stone_sword":55,"minecraft:cooked_salmon":8,"minecraft:netherrack":330,"minecraft:torch":800,"minecraft:brewing_stand":1,"minecraft:anvil":3,"minecraft:golden_shovel":32,"minecraft:nether_brick_stairs":9,"minecraft:oak_fence_gate":1,"minecraft:shroomlight":1,"minecraft:iron_axe":2802,"minecraft:spruce_button":6,"minecraft:mud_bricks":3,"minecraft:barrel":22,"minecraft:melon_seeds":4,"minecraft:glowstone":87,"minecraft:warped_stairs":50,"minecraft:goat_horn":2,"minecraft:cobbled_deepslate":618,"minecraft:cherry_log":2,"minecraft:deepslate_emerald_ore":1,"minecraft:golden_axe":96,"minecraft:wheat_seeds":153,"minecraft:water_bucket":220,"minecraft:lead":1,"minecraft:cartography_table":2,"minecraft:cauldron":2,"minecraft:fletching_table":1,"minecraft:spruce_fence_gate":3,"minecraft:rail":25,"minecraft:crafting_table":39,"minecraft:oak_slab":42,"minecraft:red_bed":4,"minecraft:white_bed":20,"minecraft:campfire":1,"minecraft:spruce_log":536,"minecraft:oak_log":266,"minecraft:amethyst_cluster":2,"minecraft:diamond_pickaxe":7038,"minecraft:diamond_shovel":320,"minecraft:iron_pickaxe":1721,"minecraft:spruce_trapdoor":149,"minecraft:spruce_sapling":152,"minecraft:crimson_nylium":10,"minecraft:chiseled_stone_bricks":3,"minecraft:cobblestone":586,"minecraft:azalea_leaves":52,"minecraft:potion":5,"minecraft:cooked_porkchop":29,"minecraft:stripped_oak_log":28,"minecraft:dandelion":2,"minecraft:cherry_sapling":8,"minecraft:iron_shovel":1678,"minecraft:light_gray_stained_glass_pane":32,"minecraft:iron_sword":2377,"minecraft:nether_wart":6,"minecraft:bell":1,"minecraft:smooth_sandstone_stairs":17,"minecraft:iron_chestplate":2,"minecraft:nether_bricks":399,"minecraft:carrot":397,"minecraft:deepslate_tile_slab":5,"minecraft:tuff":77,"minecraft:milk_bucket":2,"minecraft:obsidian":154,"minecraft:glass":17,"minecraft:coal_ore":20,"minecraft:lantern":45,"minecraft:iron_helmet":1,"minecraft:dark_oak_wood":35,"minecraft:stone_bricks":843,"minecraft:golden_sword":1,"minecraft:deepslate_diamond_ore":20,"minecraft:redstone_lamp":2,"minecraft:magma_block":1,"minecraft:beetroot_seeds":5,"minecraft:stone_pickaxe":243,"minecraft:oak_planks":10,"minecraft:ender_pearl":1,"minecraft:sugar_cane":47,"minecraft:diamond_axe":1576,"minecraft:white_wool":1,"minecraft:stone_brick_wall":7,"minecraft:note_block":2,"minecraft:shears":481,"minecraft:redstone_torch":1,"minecraft:lever":4,"minecraft:dark_oak_log":176,"minecraft:bread":1,"minecraft:warped_slab":87,"minecraft:deepslate":217,"minecraft:gravel":5,"minecraft:andesite":11,"minecraft:chain":12,"minecraft:air":4,"minecraft:bone_meal":235,"minecraft:oak_fence":54,"minecraft:flint_and_steel":32,"minecraft:stone_shovel":314,"minecraft:redstone":2,"minecraft:spruce_planks":302,"minecraft:ender_chest":17,"minecraft:wooden_shovel":12,"minecraft:cooked_chicken":6,"minecraft:oak_door":1,"minecraft:dirt":1065,"minecraft:hopper":7,"minecraft:spruce_stairs":547,"minecraft:granite":7,"minecraft:spruce_fence":65,"minecraft:dark_oak_planks":87,"minecraft:iron_hoe":284,"minecraft:stone_brick_slab":29,"minecraft:bookshelf":19,"minecraft:oak_stairs":37,"minecraft:iron_boots":1,"minecraft:golden_carrot":1,"minecraft:deepslate_tile_stairs":52,"minecraft:minecart":6,"minecraft:cooked_beef":31,"minecraft:light_gray_bed":1,"minecraft:iron_leggings":1,"minecraft:cooked_mutton":3,"minecraft:glass_bottle":6,"minecraft:polished_andesite":40,"minecraft:baked_potato":326,"minecraft:stonecutter":4,"minecraft:cobblestone_slab":166,"minecraft:glow_item_frame":2,"minecraft:lime_bed":2,"minecraft:warped_planks":12,"minecraft:smoker":6,"minecraft:piston":1,"minecraft:stone_slab":117,"minecraft:stone_axe":65,"minecraft:white_banner":1,"minecraft:bucket":228,"minecraft:pumpkin_pie":2,"minecraft:yellow_bed":8,"minecraft:smooth_stone":1,"minecraft:splash_potion":2},"minecraft:mined":{"minecraft:dark_oak_planks":5,"minecraft:white_bed":8,"minecraft:cherry_log":48,"minecraft:warped_stairs":2,"minecraft:obsidian":261,"minecraft:granite":24,"minecraft:stone_brick_wall":1,"minecraft:deepslate_tile_stairs":2,"minecraft:crimson_fungus":2,"minecraft:nether_wart":2,"minecraft:oak_wall_sign":1,"minecraft:oxeye_daisy":3,"minecraft:chiseled_stone_bricks":2,"minecraft:weeping_vines_plant":2,"minecraft:tall_seagrass":2,"minecraft:magma_block":2,"minecraft:cobbled_deepslate":113,"minecraft:fire":76,"minecraft:barrel":8,"minecraft:pumpkin":24,"minecraft:fletching_table":2,"minecraft:deepslate_lapis_ore":12,"minecraft:nether_brick_stairs":1,"minecraft:enchanting_table":1,"minecraft:water_cauldron":2,"minecraft:dirt_path":22,"minecraft:oak_stairs":4,"minecraft:deepslate_brick_stairs":8,"minecraft:smooth_sandstone_stairs":97,"minecraft:white_banner":1,"minecraft:red_bed":4,"minecraft:smoker":4,"minecraft:crimson_nylium":27,"minecraft:soul_fire":4,"minecraft:amethyst_cluster":19,"minecraft:deepslate_tile_slab":1,"minecraft:torch":58,"minecraft:note_block":1,"minecraft:dark_oak_wood":17,"minecraft:blast_furnace":10,"minecraft:melon":18,"minecraft:sugar_cane":198,"minecraft:amethyst_block":39,"minecraft:mud":4,"minecraft:wheat":49,"minecraft:warped_fungus":1,"minecraft:stone_brick_stairs":9,"minecraft:grass":492,"minecraft:smooth_basalt":2,"minecraft:red_mushroom_block":2,"minecraft:stonecutter":3,"minecraft:deepslate":1481,"minecraft:infested_deepslate":2,"minecraft:light_gray_stained_glass_pane":4,"minecraft:cherry_sapling":1,"minecraft:dark_oak_log":1042,"minecraft:nether_bricks":592,"minecraft:dark_oak_fence":3,"minecraft:spruce_fence":14,"minecraft:crimson_roots":2,"minecraft:cartography_table":2,"minecraft:andesite":456,"minecraft:potatoes":258,"minecraft:cobblestone_slab":9,"minecraft:rail":26,"minecraft:warped_stem":548,"minecraft:bone_block":2,"minecraft:ender_chest":15,"minecraft:smithing_table":2,"minecraft:oak_slab":9,"minecraft:soul_sand":11,"minecraft:stone_brick_slab":2,"minecraft:dandelion":10,"minecraft:smooth_sandstone":1,"minecraft:emerald_ore":1,"minecraft:warped_roots":1,"minecraft:tall_grass":110,"minecraft:copper_ore":71,"minecraft:deepslate_gold_ore":73,"minecraft:diorite":129,"minecraft:warped_wart_block":8,"minecraft:white_carpet":5,"minecraft:spruce_log":1225,"minecraft:gravel":82,"minecraft:dripstone_block":28,"minecraft:cobweb":52,"minecraft:stone_bricks":275,"minecraft:gold_ore":9,"minecraft:deepslate_emerald_ore":2,"minecraft:fern":1,"minecraft:spruce_planks":60,"minecraft:potted_cactus":1,"minecraft:brewing_stand":2,"minecraft:spruce_trapdoor":15,"minecraft:budding_amethyst":4,"minecraft:grass_block":660,"minecraft:soul_soil":1,"minecraft:composter":2,"minecraft:smooth_stone":10,"minecraft:glowstone":165,"minecraft:iron_ore":135,"minecraft:anvil":1,"minecraft:azure_bluet":2,"minecraft:pointed_dripstone":7,"minecraft:flowering_azalea_leaves":39,"minecraft:iron_bars":6,"minecraft:azalea_leaves":86,"minecraft:spruce_slab":20,"minecraft:deepslate_redstone_ore":65,"minecraft:calcite":4,"minecraft:poppy":3,"minecraft:chest":43,"minecraft:nether_quartz_ore":124,"minecraft:cobblestone":117,"minecraft:oak_planks":12,"minecraft:wall_torch":59,"minecraft:seagrass":1,"minecraft:warped_nylium":1,"minecraft:powered_rail":24,"minecraft:dark_oak_slab":2,"minecraft:nether_wart_block":9,"minecraft:oak_log":368,"minecraft:sand":800,"minecraft:dirt":1165,"minecraft:netherrack":537,"minecraft:oak_leaves":430,"minecraft:redstone_lamp":2,"minecraft:nether_gold_ore":15,"minecraft:crying_obsidian":2,"minecraft:red_carpet":2,"minecraft:tuff":211,"minecraft:dark_oak_leaves":32,"minecraft:deepslate_diamond_ore":51,"minecraft:glow_lichen":3,"minecraft:lever":1,"minecraft:ladder":9,"minecraft:weeping_vines":1,"minecraft:spruce_leaves":251,"minecraft:crimson_stem":6,"minecraft:large_fern":2,"minecraft:hay_block":90,"minecraft:deepslate_brick_slab":1,"minecraft:oak_trapdoor":6,"minecraft:spruce_sapling":5,"minecraft:furnace":8,"minecraft:carrots":173,"minecraft:nether_sprouts":1,"minecraft:stripped_spruce_log":55,"minecraft:gold_block":6,"minecraft:bell":1,"minecraft:nether_brick_fence":12,"minecraft:bookshelf":13,"minecraft:deepslate_iron_ore":53,"minecraft:shroomlight":4,"minecraft:lantern":6,"minecraft:stripped_oak_log":29,"minecraft:stone":2977,"minecraft:stripped_dark_oak_log":6,"minecraft:basalt":1,"minecraft:spruce_door":2,"minecraft:oak_fence":7,"minecraft:crafting_table":22,"minecraft:lectern":8,"minecraft:stone_slab":29,"minecraft:deepslate_coal_ore":2,"minecraft:lapis_ore":22,"minecraft:spruce_stairs":146,"minecraft:lime_bed":2,"minecraft:redstone_torch":2,"minecraft:bee_nest":3,"minecraft:yellow_bed":7,"minecraft:coal_ore":555,"minecraft:cherry_leaves":43,"minecraft:polished_andesite":2,"minecraft:mossy_stone_bricks":4,"minecraft:warped_slab":2},"minecraft:killed_by":{"minecraft:ghast":1,"minecraft:blaze":2,"minecraft:spider":1,"minecraft:iron_golem":1},"minecraft:broken":{"minecraft:iron_chestplate":1,"minecraft:iron_leggings":1,"minecraft:golden_sword":1,"minecraft:iron_sword":6,"minecraft:iron_axe":10,"minecraft:iron_pickaxe":5,"minecraft:iron_helmet":2,"minecraft:iron_shovel":5,"minecraft:golden_shovel":1,"minecraft:golden_leggings":1,"minecraft:stone_pickaxe":1,"minecraft:stone_axe":1,"minecraft:stone_shovel":2},"minecraft:custom":{"minecraft:interact_with_crafting_table":383,"minecraft:open_barrel":293,"minecraft:bell_ring":7,"minecraft:leave_game":38,"minecraft:time_since_death":271300,"minecraft:play_time":2583771,"minecraft:deaths":10,"minecraft:jump":28659,"minecraft:enchant_item":19,"minecraft:interact_with_furnace":308,"minecraft:traded_with_villager":80,"minecraft:interact_with_cartography_table":6,"minecraft:sleep_in_bed":63,"minecraft:damage_dealt":133338,"minecraft:interact_with_smoker":75,"minecraft:horse_one_cm":4282040,"minecraft:interact_with_smithing_table":4,"minecraft:interact_with_anvil":23,"minecraft:inspect_hopper":2,"minecraft:sneak_time":94532,"minecraft:interact_with_blast_furnace":55,"minecraft:total_world_time":2583771,"minecraft:tune_noteblock":97,"minecraft:interact_with_stonecutter":7,"minecraft:time_since_rest":98408,"minecraft:swim_one_cm":392384,"minecraft:fly_one_cm":5148704,"minecraft:open_chest":1402,"minecraft:fall_one_cm":718959,"minecraft:sprint_one_cm":4704828,"minecraft:drop":352,"minecraft:play_noteblock":1,"minecraft:talked_to_villager":243,"minecraft:interact_with_brewingstand":4,"minecraft:walk_on_water_one_cm":265700,"minecraft:interact_with_loom":1,"minecraft:open_enderchest":140,"minecraft:crouch_one_cm":317286,"minecraft:mob_kills":851,"minecraft:fill_cauldron":2,"minecraft:climb_one_cm":25847,"minecraft:walk_one_cm":4161905,"minecraft:walk_under_water_one_cm":181703,"minecraft:boat_one_cm":3037089,"minecraft:damage_taken":21995,"minecraft:minecart_one_cm":2631},"minecraft:killed":{"minecraft:cave_spider":3,"minecraft:skeleton":73,"minecraft:chicken":12,"minecraft:magma_cube":13,"minecraft:salmon":23,"minecraft:iron_golem":2,"minecraft:pillager":5,"minecraft:donkey":1,"minecraft:zombie":105,"minecraft:glow_squid":1,"minecraft:cow":25,"minecraft:rabbit":2,"minecraft:wandering_trader":1,"minecraft:enderman":10,"minecraft:witch":1,"minecraft:spider":31,"minecraft:silverfish":2,"minecraft:piglin_brute":2,"minecraft:piglin":14,"minecraft:pig":8,"minecraft:zombie_villager":4,"minecraft:creeper":18,"minecraft:sheep":21,"minecraft:stray":3,"minecraft:ghast":3,"minecraft:blaze":431,"minecraft:slime":6,"minecraft:phantom":1,"minecraft:drowned":4,"minecraft:hoglin":2,"minecraft:squid":1,"minecraft:wither_skeleton":15},"minecraft:picked_up":{"minecraft:iron_chestplate":8,"minecraft:flower_pot":1,"minecraft:anvil":1,"minecraft:lead":25,"minecraft:smithing_table":3,"minecraft:stone_slab":37,"minecraft:diamond_sword":1,"minecraft:oak_stairs":5,"minecraft:enchanted_book":1,"minecraft:brewing_stand":2,"minecraft:golden_sword":3,"minecraft:amethyst_block":39,"minecraft:string":115,"minecraft:soul_soil":3,"minecraft:shroomlight":8,"minecraft:diamond_leggings":2,"minecraft:gold_nugget":48,"minecraft:cobbled_deepslate":1258,"minecraft:spruce_planks":69,"minecraft:azalea_leaves":81,"minecraft:melon_slice":81,"minecraft:composter":2,"minecraft:cherry_log":47,"minecraft:golden_chestplate":1,"minecraft:cauldron":3,"minecraft:black_dye":1,"minecraft:stone_sword":2,"minecraft:iron_block":35,"minecraft:glowstone":154,"minecraft:bookshelf":1,"minecraft:blaze_rod":44,"minecraft:iron_bars":14,"minecraft:magma_block":2,"minecraft:feather":14,"minecraft:cooked_beef":10,"minecraft:birch_slab":28,"minecraft:water_bucket":4,"minecraft:smoker":4,"minecraft:flint":11,"minecraft:lantern":11,"minecraft:stonecutter":3,"minecraft:rabbit":3,"minecraft:diamond_helmet":1,"minecraft:glowstone_dust":43,"minecraft:warped_wart_block":10,"minecraft:stripped_spruce_log":56,"minecraft:ink_sac":6,"minecraft:dark_oak_log":1063,"minecraft:barrel":8,"minecraft:iron_hoe":2,"minecraft:polished_andesite":4,"minecraft:deepslate":417,"minecraft:lever":2,"minecraft:deepslate_gold_ore":31,"minecraft:granite":23,"minecraft:dark_oak_fence":3,"minecraft:crimson_roots":5,"minecraft:diamond_pickaxe":11,"minecraft:mud":4,"minecraft:crafting_table":26,"minecraft:bee_nest":3,"minecraft:nether_wart":12,"minecraft:clay_ball":8,"minecraft:redstone_lamp":2,"minecraft:red_bed":4,"minecraft:flint_and_steel":4,"minecraft:white_carpet":21,"minecraft:iron_shovel":3,"minecraft:cartography_table":5,"minecraft:deepslate_diamond_ore":16,"minecraft:beef":59,"minecraft:poppy":7,"minecraft:spruce_slab":46,"minecraft:minecart":8,"minecraft:chest":43,"minecraft:egg":12,"minecraft:copper_ore":38,"minecraft:stone":2578,"minecraft:oak_door":2,"minecraft:amethyst_cluster":19,"minecraft:spruce_fence":20,"minecraft:fire_charge":5,"minecraft:carrot":333,"minecraft:redstone":236,"minecraft:stone_shovel":4,"minecraft:diamond_chestplate":2,"minecraft:beetroot_seeds":10,"minecraft:shears":1,"minecraft:hay_block":147,"minecraft:gold_ingot":29,"minecraft:mutton":27,"minecraft:white_wool":56,"minecraft:bone_block":4,"minecraft:rail":71,"minecraft:oxeye_daisy":5,"minecraft:lapis_ore":11,"minecraft:stripped_oak_log":29,"minecraft:lime_bed":2,"minecraft:yellow_dye":10,"minecraft:oak_log":379,"minecraft:golden_boots":2,"minecraft:paper":11,"minecraft:white_banner":3,"minecraft:apple":15,"minecraft:stone_bricks":346,"minecraft:kelp":37,"minecraft:warped_stem":510,"minecraft:stone_pickaxe":1,"minecraft:glass_bottle":3,"minecraft:iron_sword":10,"minecraft:dark_oak_slab":2,"minecraft:gravel":80,"minecraft:spruce_sapling":223,"minecraft:spruce_log":1288,"minecraft:crying_obsidian":4,"minecraft:diamond_shovel":2,"minecraft:coal_ore":59,"minecraft:slime_ball":14,"minecraft:stone_axe":1,"minecraft:diamond_axe":4,"minecraft:deepslate_redstone_ore":5,"minecraft:gray_wool":6,"minecraft:warped_roots":2,"minecraft:baked_potato":276,"minecraft:warped_nylium":12,"minecraft:melon_seeds":4,"minecraft:stripped_dark_oak_log":6,"minecraft:crimson_nylium":28,"minecraft:ender_pearl":11,"minecraft:wheat":128,"minecraft:nether_brick_fence":19,"minecraft:redstone_block":35,"minecraft:ender_chest":16,"minecraft:potion":5,"minecraft:nether_brick":10,"minecraft:stone_brick_stairs":16,"minecraft:warped_stairs":1,"minecraft:raw_copper":181,"minecraft:deepslate_lapis_ore":9,"minecraft:iron_leggings":9,"minecraft:oak_sign":3,"minecraft:smooth_stone":10,"minecraft:bucket":7,"minecraft:dark_oak_leaves":10,"minecraft:redstone_torch":3,"minecraft:cobblestone_slab":405,"minecraft:calcite":1,"minecraft:iron_pickaxe":8,"minecraft:deepslate_iron_ore":2,"minecraft:iron_boots":7,"minecraft:furnace":10,"minecraft:tipped_arrow":1,"minecraft:stick":261,"minecraft:oak_fence":10,"minecraft:torch":746,"minecraft:spruce_stairs":173,"minecraft:porkchop":14,"minecraft:pointed_dripstone":41,"minecraft:diorite":308,"minecraft:quartz_block":1,"minecraft:nether_gold_ore":1,"minecraft:cactus":1,"minecraft:rotten_flesh":152,"minecraft:deepslate_brick_stairs":2,"minecraft:obsidian":390,"minecraft:blaze_powder":8,"minecraft:cobblestone":772,"minecraft:enchanting_table":1,"minecraft:magma_cream":4,"minecraft:andesite":511,"minecraft:golden_leggings":1,"minecraft:potato":885,"minecraft:tuff":286,"minecraft:smooth_sandstone_stairs":93,"minecraft:lapis_lazuli":106,"minecraft:dirt":2362,"minecraft:name_tag":3,"minecraft:glass":3,"minecraft:bone":151,"minecraft:bow":19,"minecraft:wheat_seeds":219,"minecraft:raw_gold":51,"minecraft:bell":1,"minecraft:mossy_stone_bricks":4,"minecraft:fletching_table":3,"minecraft:powered_rail":41,"minecraft:oak_planks":111,"minecraft:ghast_tear":1,"minecraft:cooked_porkchop":17,"minecraft:poisonous_potato":6,"minecraft:sand":752,"minecraft:nether_brick_stairs":1,"minecraft:grass_block":1,"minecraft:spectral_arrow":28,"minecraft:diamond":54,"minecraft:spruce_boat":30,"minecraft:bone_meal":2,"minecraft:emerald":9,"minecraft:oak_sapling":29,"minecraft:piglin_banner_pattern":2,"minecraft:netherrack":691,"minecraft:oak_leaves":344,"minecraft:azure_bluet":4,"minecraft:splash_potion":3,"minecraft:chicken":15,"minecraft:ladder":17,"minecraft:chest_minecart":1,"minecraft:brown_mushroom":4,"minecraft:stone_brick_wall":4,"minecraft:gold_block":6,"minecraft:stone_stairs":4,"minecraft:oak_trapdoor":8,"minecraft:iron_axe":3,"minecraft:oak_boat":25,"minecraft:light_gray_wool":4,"minecraft:lectern":9,"minecraft:sugar_cane":313,"minecraft:spruce_trapdoor":27,"minecraft:phantom_membrane":1,"minecraft:dark_oak_sapling":45,"minecraft:raw_iron":194,"minecraft:flowering_azalea_leaves":40,"minecraft:note_block":1,"minecraft:light_gray_stained_glass_pane":40,"minecraft:stone_pressure_plate":1,"minecraft:dark_oak_planks":4,"minecraft:arrow":216,"minecraft:weeping_vines":3,"minecraft:pumpkin_pie":4,"minecraft:nether_bricks":922,"minecraft:basalt":1,"minecraft:glow_ink_sac":8,"minecraft:crimson_stem":6,"minecraft:salmon":22,"minecraft:leather":42,"minecraft:birch_planks":2,"minecraft:crimson_fungus":1,"minecraft:yellow_bed":7,"minecraft:nether_wart_block":11,"minecraft:gunpowder":20,"minecraft:orange_terracotta":5,"minecraft:cooked_mutton":5,"minecraft:smooth_sandstone":1,"minecraft:red_carpet":4,"minecraft:deepslate_emerald_ore":1,"minecraft:rabbit_hide":1,"minecraft:iron_ingot":58,"minecraft:soul_sand":44,"minecraft:music_disc_chirp":1,"minecraft:book":39,"minecraft:oak_slab":13,"minecraft:warped_fungus":1,"minecraft:nether_quartz_ore":68,"minecraft:pumpkin":25,"minecraft:chiseled_stone_bricks":2,"minecraft:stone_brick_slab":21,"minecraft:quartz":94,"minecraft:dandelion":13,"minecraft:dripstone_block":38,"minecraft:amethyst_shard":2,"minecraft:blast_furnace":11,"minecraft:white_bed":10,"minecraft:spruce_door":2,"minecraft:dark_oak_fence_gate":1,"minecraft:spider_eye":10,"minecraft:lime_dye":1,"minecraft:iron_helmet":7,"minecraft:cherry_sapling":8,"minecraft:black_wool":1,"minecraft:dark_oak_wood":17,"minecraft:coal":625},"minecraft:dropped":{"minecraft:iron_sword":5,"minecraft:glow_ink_sac":1,"minecraft:glass_bottle":1,"minecraft:diamond":1,"minecraft:cooked_porkchop":1,"minecraft:dark_oak_slab":1,"minecraft:weeping_vines":3,"minecraft:warped_roots":2,"minecraft:rail":58,"minecraft:dirt":29,"minecraft:bone_block":2,"minecraft:iron_pickaxe":5,"minecraft:bone":16,"minecraft:sugar_cane":11,"minecraft:iron_nugget":1,"minecraft:cobbled_deepslate":160,"minecraft:deepslate_brick_slab":6,"minecraft:rotten_flesh":86,"minecraft:oak_planks":4,"minecraft:glowstone_dust":4,"minecraft:dark_oak_fence_gate":1,"minecraft:salmon":3,"minecraft:ladder":1,"minecraft:beef":4,"minecraft:warped_wart_block":10,"minecraft:stone_brick_stairs":6,"minecraft:iron_ingot":43,"minecraft:golden_boots":2,"minecraft:wheat_seeds":24,"minecraft:dripstone_block":5,"minecraft:iron_helmet":2,"minecraft:feather":2,"minecraft:cobblestone":130,"minecraft:coal":40,"minecraft:oxeye_daisy":1,"minecraft:ink_sac":1,"minecraft:lapis_ore":4,"minecraft:potion":2,"minecraft:iron_shovel":2,"minecraft:string":8,"minecraft:smooth_sandstone":1,"minecraft:furnace":2,"minecraft:stone_sword":1,"minecraft:deepslate":44,"minecraft:chicken":4,"minecraft:white_carpet":18,"minecraft:clay_ball":4,"minecraft:iron_boots":14,"minecraft:oak_sign":1,"minecraft:shroomlight":3,"minecraft:stone":2,"minecraft:spruce_trapdoor":1,"minecraft:diamond_pickaxe":1,"minecraft:wooden_shovel":1,"minecraft:redstone_torch":2,"minecraft:spider_eye":8,"minecraft:bow":6,"minecraft:crimson_nylium":1,"minecraft:brown_mushroom":4,"minecraft:diamond_axe":1,"minecraft:oak_log":37,"minecraft:baked_potato":123,"minecraft:dark_oak_sapling":1,"minecraft:chest_minecart":1,"minecraft:leather":3,"minecraft:birch_slab":14,"minecraft:mutton":7,"minecraft:crimson_roots":1,"minecraft:amethyst_shard":2,"minecraft:gold_ingot":39,"minecraft:gravel":14,"minecraft:smooth_sandstone_stairs":20,"minecraft:pointed_dripstone":34,"minecraft:diamond_shovel":1,"minecraft:stone_stairs":4,"minecraft:cooked_mutton":1,"minecraft:carrot":27,"minecraft:poppy":4,"minecraft:rabbit_hide":1,"minecraft:gunpowder":7,"minecraft:beetroot_seeds":10,"minecraft:melon_seeds":4,"minecraft:spruce_pressure_plate":8,"minecraft:stone_brick_wall":3,"minecraft:chest":1,"minecraft:chainmail_boots":6,"minecraft:iron_bars":8,"minecraft:arrow":2,"minecraft:netherrack":25,"minecraft:poisonous_potato":5,"minecraft:stick":374,"minecraft:iron_block":30,"minecraft:diorite":4,"minecraft:torch":39,"minecraft:nether_wart_block":3,"minecraft:melon_slice":1,"minecraft:iron_leggings":2,"minecraft:iron_axe":2,"minecraft:bucket":2,"minecraft:dandelion":1,"minecraft:redstone":1,"minecraft:kelp":37,"minecraft:oak_trapdoor":1,"minecraft:tuff":14,"minecraft:copper_ore":10,"minecraft:diamond_chestplate":1,"minecraft:iron_chestplate":1,"minecraft:andesite":20,"minecraft:oak_boat":3,"minecraft:wooden_pickaxe":1}},"DataVersion":3465}