{"stats":{"minecraft:used":{"minecraft:spruce_slab":45,"minecraft:ladder":11,"minecraft:chest":39,"minecraft:stone":229,"minecraft:rotten_flesh":12,"minecraft:soul_sand":9,"minecraft:deepslate_brick_slab":4,"minecraft:snowball":1,"minecraft:spruce_boat":26,"minecraft:lava_bucket":8,"minecraft:stripped_dark_oak_wood":3,"minecraft:dark_oak_leaves":10,"minecraft:dark_oak_slab":76,"minecraft:stone_brick_stairs":3,"minecraft:bow":98,"minecraft:oak_sapling":26,"minecraft:furnace":10,"minecraft:egg":4,"minecraft:potato":345,"minecraft:deepslate_brick_wall":6,"minecraft:diorite":34,"minecraft:spruce_door":3,"minecraft:powered_rail":24,"minecraft:wooden_pickaxe":6,"minecraft:composter":4,"minecraft:glow_berries":6,"minecraft:sand":17,"minecraft:blast_furnace":10,"minecraft:deepslate_brick_stairs":66,"minecraft:deepslate_iron_ore":11,"minecraft:lectern":8,"minecraft:flowering_azalea_leaves":27,"minecraft:diamond_sword":327,"minecraft:dark_oak_fence":62,"minecraft:smithing_table":1,"minecraft:oak_boat":24,"minecraft:oak_trapdoor":9,"minecraft:iron_bars":2,"minecraft:enchanting_table":2,"minecraft:stone_sword":55,"minecraft:cooked_salmon":8,"minecraft:netherrack":192,"minecraft:torch":768,"minecraft:brewing_stand":1,"minecraft:anvil":2,"minecraft:golden_shovel":32,"minecraft:nether_brick_stairs":9,"minecraft:oak_fence_gate":1,"minecraft:shroomlight":1,"minecraft:iron_axe":2663,"minecraft:spruce_button":6,"minecraft:mud_bricks":3,"minecraft:barrel":5,"minecraft:melon_seeds":4,"minecraft:warped_stairs":50,"minecraft:goat_horn":2,"minecraft:cobbled_deepslate":618,"minecraft:cherry_log":2,"minecraft:golden_axe":96,"minecraft:deepslate_emerald_ore":1,"minecraft:wheat_seeds":153,"minecraft:water_bucket":197,"minecraft:lead":1,"minecraft:cartography_table":2,"minecraft:cauldron":2,"minecraft:fletching_table":1,"minecraft:spruce_fence_gate":3,"minecraft:rail":25,"minecraft:crafting_table":31,"minecraft:oak_slab":42,"minecraft:red_bed":4,"minecraft:white_bed":19,"minecraft:campfire":1,"minecraft:spruce_log":328,"minecraft:oak_log":44,"minecraft:amethyst_cluster":2,"minecraft:diamond_pickaxe":5061,"minecraft:iron_pickaxe":1721,"minecraft:spruce_trapdoor":100,"minecraft:spruce_sapling":90,"minecraft:crimson_nylium":10,"minecraft:cobblestone":586,"minecraft:azalea_leaves":52,"minecraft:potion":5,"minecraft:cooked_porkchop":25,"minecraft:dandelion":2,"minecraft:cherry_sapling":8,"minecraft:iron_shovel":1593,"minecraft:light_gray_stained_glass_pane":32,"minecraft:iron_sword":2377,"minecraft:bell":1,"minecraft:smooth_sandstone_stairs":17,"minecraft:iron_chestplate":2,"minecraft:nether_bricks":388,"minecraft:carrot":396,"minecraft:deepslate_tile_slab":5,"minecraft:tuff":34,"minecraft:milk_bucket":2,"minecraft:obsidian":154,"minecraft:glass":17,"minecraft:coal_ore":20,"minecraft:lantern":29,"minecraft:iron_helmet":1,"minecraft:dark_oak_wood":35,"minecraft:stone_bricks":298,"minecraft:golden_sword":1,"minecraft:deepslate_diamond_ore":20,"minecraft:magma_block":1,"minecraft:beetroot_seeds":5,"minecraft:stone_pickaxe":243,"minecraft:oak_planks":9,"minecraft:ender_pearl":1,"minecraft:sugar_cane":47,"minecraft:diamond_axe":630,"minecraft:white_wool":1,"minecraft:stone_brick_wall":7,"minecraft:note_block":2,"minecraft:shears":137,"minecraft:lever":4,"minecraft:dark_oak_log":176,"minecraft:bread":1,"minecraft:warped_slab":87,"minecraft:deepslate":191,"minecraft:gravel":5,"minecraft:andesite":5,"minecraft:chain":2,"minecraft:air":4,"minecraft:bone_meal":235,"minecraft:oak_fence":54,"minecraft:flint_and_steel":32,"minecraft:stone_shovel":314,"minecraft:redstone":2,"minecraft:spruce_planks":277,"minecraft:ender_chest":17,"minecraft:wooden_shovel":12,"minecraft:cooked_chicken":6,"minecraft:oak_door":1,"minecraft:dirt":972,"minecraft:hopper":7,"minecraft:spruce_stairs":173,"minecraft:granite":7,"minecraft:spruce_fence":62,"minecraft:iron_hoe":284,"minecraft:stone_brick_slab":29,"minecraft:dark_oak_planks":87,"minecraft:bookshelf":17,"minecraft:oak_stairs":36,"minecraft:iron_boots":1,"minecraft:golden_carrot":1,"minecraft:deepslate_tile_stairs":52,"minecraft:minecart":6,"minecraft:cooked_beef":27,"minecraft:iron_leggings":1,"minecraft:cooked_mutton":3,"minecraft:glass_bottle":6,"minecraft:polished_andesite":40,"minecraft:baked_potato":295,"minecraft:stonecutter":4,"minecraft:cobblestone_slab":166,"minecraft:glow_item_frame":2,"minecraft:lime_bed":2,"minecraft:warped_planks":12,"minecraft:smoker":6,"minecraft:piston":1,"minecraft:stone_slab":117,"minecraft:stone_axe":65,"minecraft:white_banner":1,"minecraft:bucket":206,"minecraft:pumpkin_pie":2,"minecraft:yellow_bed":8,"minecraft:smooth_stone":1,"minecraft:splash_potion":2},"minecraft:mined":{"minecraft:dark_oak_planks":5,"minecraft:white_bed":8,"minecraft:cherry_log":48,"minecraft:warped_stairs":2,"minecraft:obsidian":261,"minecraft:granite":24,"minecraft:stone_brick_wall":1,"minecraft:deepslate_tile_stairs":2,"minecraft:crimson_fungus":1,"minecraft:oak_wall_sign":1,"minecraft:oxeye_daisy":3,"minecraft:weeping_vines_plant":2,"minecraft:tall_seagrass":2,"minecraft:magma_block":2,"minecraft:cobbled_deepslate":113,"minecraft:fire":51,"minecraft:barrel":1,"minecraft:pumpkin":24,"minecraft:fletching_table":2,"minecraft:deepslate_lapis_ore":12,"minecraft:nether_brick_stairs":1,"minecraft:enchanting_table":1,"minecraft:water_cauldron":2,"minecraft:dirt_path":22,"minecraft:oak_stairs":4,"minecraft:deepslate_brick_stairs":8,"minecraft:smooth_sandstone_stairs":97,"minecraft:white_banner":1,"minecraft:red_bed":4,"minecraft:smoker":4,"minecraft:crimson_nylium":18,"minecraft:soul_fire":2,"minecraft:amethyst_cluster":19,"minecraft:deepslate_tile_slab":1,"minecraft:torch":44,"minecraft:note_block":1,"minecraft:dark_oak_wood":17,"minecraft:blast_furnace":10,"minecraft:melon":18,"minecraft:sugar_cane":198,"minecraft:amethyst_block":39,"minecraft:mud":4,"minecraft:wheat":49,"minecraft:warped_fungus":1,"minecraft:stone_brick_stairs":1,"minecraft:grass":492,"minecraft:smooth_basalt":2,"minecraft:red_mushroom_block":2,"minecraft:stonecutter":3,"minecraft:deepslate":1481,"minecraft:infested_deepslate":2,"minecraft:light_gray_stained_glass_pane":4,"minecraft:cherry_sapling":1,"minecraft:dark_oak_log":1042,"minecraft:nether_bricks":553,"minecraft:dark_oak_fence":3,"minecraft:spruce_fence":14,"minecraft:cartography_table":2,"minecraft:andesite":335,"minecraft:potatoes":258,"minecraft:cobblestone_slab":9,"minecraft:rail":26,"minecraft:warped_stem":548,"minecraft:bone_block":2,"minecraft:ender_chest":15,"minecraft:smithing_table":2,"minecraft:oak_slab":9,"minecraft:soul_sand":5,"minecraft:stone_brick_slab":2,"minecraft:dandelion":10,"minecraft:emerald_ore":1,"minecraft:warped_roots":1,"minecraft:tall_grass":110,"minecraft:copper_ore":53,"minecraft:deepslate_gold_ore":73,"minecraft:diorite":55,"minecraft:warped_wart_block":8,"minecraft:white_carpet":5,"minecraft:spruce_log":742,"minecraft:gravel":41,"minecraft:dripstone_block":28,"minecraft:cobweb":52,"minecraft:stone_bricks":184,"minecraft:gold_ore":9,"minecraft:deepslate_emerald_ore":2,"minecraft:fern":1,"minecraft:spruce_planks":52,"minecraft:potted_cactus":1,"minecraft:brewing_stand":2,"minecraft:spruce_trapdoor":10,"minecraft:budding_amethyst":4,"minecraft:grass_block":654,"minecraft:soul_soil":1,"minecraft:composter":2,"minecraft:smooth_stone":10,"minecraft:glowstone":11,"minecraft:iron_ore":135,"minecraft:anvil":1,"minecraft:azure_bluet":2,"minecraft:pointed_dripstone":7,"minecraft:flowering_azalea_leaves":39,"minecraft:iron_bars":6,"minecraft:azalea_leaves":86,"minecraft:spruce_slab":7,"minecraft:deepslate_redstone_ore":65,"minecraft:calcite":4,"minecraft:poppy":3,"minecraft:chest":23,"minecraft:nether_quartz_ore":122,"minecraft:cobblestone":117,"minecraft:oak_planks":11,"minecraft:wall_torch":52,"minecraft:seagrass":1,"minecraft:warped_nylium":1,"minecraft:powered_rail":24,"minecraft:dark_oak_slab":2,"minecraft:nether_wart_block":9,"minecraft:oak_log":294,"minecraft:sand":797,"minecraft:dirt":798,"minecraft:netherrack":343,"minecraft:oak_leaves":77,"minecraft:nether_gold_ore":15,"minecraft:red_carpet":2,"minecraft:crying_obsidian":2,"minecraft:tuff":210,"minecraft:dark_oak_leaves":32,"minecraft:deepslate_diamond_ore":51,"minecraft:glow_lichen":3,"minecraft:lever":1,"minecraft:weeping_vines":1,"minecraft:spruce_leaves":180,"minecraft:crimson_stem":6,"minecraft:large_fern":2,"minecraft:hay_block":90,"minecraft:deepslate_brick_slab":1,"minecraft:oak_trapdoor":6,"minecraft:spruce_sapling":5,"minecraft:furnace":8,"minecraft:carrots":173,"minecraft:nether_sprouts":1,"minecraft:stripped_spruce_log":1,"minecraft:gold_block":6,"minecraft:bell":1,"minecraft:nether_brick_fence":12,"minecraft:bookshelf":11,"minecraft:deepslate_iron_ore":53,"minecraft:shroomlight":4,"minecraft:lantern":2,"minecraft:stone":1752,"minecraft:stripped_dark_oak_log":6,"minecraft:basalt":1,"minecraft:spruce_door":2,"minecraft:oak_fence":7,"minecraft:crafting_table":17,"minecraft:lectern":8,"minecraft:stone_slab":29,"minecraft:deepslate_coal_ore":2,"minecraft:lapis_ore":17,"minecraft:spruce_stairs":24,"minecraft:lime_bed":2,"minecraft:redstone_torch":1,"minecraft:bee_nest":3,"minecraft:yellow_bed":7,"minecraft:coal_ore":531,"minecraft:cherry_leaves":43,"minecraft:polished_andesite":2,"minecraft:mossy_stone_bricks":4,"minecraft:warped_slab":2},"minecraft:broken":{"minecraft:iron_chestplate":1,"minecraft:iron_leggings":1,"minecraft:golden_sword":1,"minecraft:iron_sword":6,"minecraft:iron_axe":10,"minecraft:iron_pickaxe":5,"minecraft:iron_helmet":2,"minecraft:iron_shovel":5,"minecraft:golden_shovel":1,"minecraft:golden_leggings":1,"minecraft:stone_pickaxe":1,"minecraft:stone_axe":1,"minecraft:stone_shovel":2},"minecraft:crafted":{"minecraft:ender_chest":2,"minecraft:black_dye":3,"minecraft:yellow_wool":3,"minecraft:blaze_powder":10,"minecraft:dark_oak_wood":18,"minecraft:chain":2,"minecraft:lever":3,"minecraft:bookshelf":17,"minecraft:cooked_mutton":4,"minecraft:quartz_block":29,"minecraft:glass":59,"minecraft:diamond_helmet":1,"minecraft:diamond_leggings":1,"minecraft:melon_seeds":2,"minecraft:stripped_dark_oak_wood":3,"minecraft:warped_stairs":80,"minecraft:glass_bottle":3,"minecraft:emerald":48,"minecraft:cooked_porkchop":15,"minecraft:diamond_axe":1,"minecraft:polished_andesite_stairs":80,"minecraft:glow_item_frame":2,"minecraft:spruce_door":3,"minecraft:copper_ingot":96,"minecraft:hay_block":24,"minecraft:campfire":1,"minecraft:cartography_table":1,"minecraft:stone_brick_stairs":4,"minecraft:lectern":1,"minecraft:stone_slab":126,"minecraft:iron_pickaxe":10,"minecraft:iron_block":226,"minecraft:gold_ingot":90,"minecraft:sandstone":165,"minecraft:light_gray_dye":9,"minecraft:composter":2,"minecraft:spruce_fence_gate":3,"minecraft:golden_carrot":1,"minecraft:stone_shovel":3,"minecraft:iron_nugget":207,"minecraft:yellow_bed":1,"minecraft:bone_meal":42,"minecraft:spruce_fence":57,"minecraft:stone_stairs":4,"minecraft:lantern":25,"minecraft:dark_oak_fence":129,"minecraft:spruce_stairs":144,"minecraft:ladder":18,"minecraft:spruce_slab":60,"minecraft:stone_pickaxe":2,"minecraft:spruce_boat":1,"minecraft:redstone_block":35,"minecraft:dark_oak_planks":280,"minecraft:lead":4,"minecraft:wheat":872,"minecraft:enchanting_table":1,"minecraft:deepslate_brick_slab":10,"minecraft:red_bed":1,"minecraft:oak_fence_gate":1,"minecraft:chainmail_boots":6,"minecraft:oak_stairs":48,"minecraft:iron_shovel":8,"minecraft:iron_leggings":6,"minecraft:white_bed":9,"minecraft:note_block":1,"minecraft:nether_brick_stairs":8,"minecraft:oak_planks":908,"minecraft:cobblestone_slab":252,"minecraft:barrel":4,"minecraft:packed_mud":4,"minecraft:cooked_chicken":6,"minecraft:stone":64,"minecraft:spruce_pressure_plate":8,"minecraft:warped_planks":256,"minecraft:hopper":7,"minecraft:stone_brick_slab":48,"minecraft:iron_boots":27,"minecraft:chest":31,"minecraft:copper_block":10,"minecraft:rail":16,"minecraft:ender_eye":6,"minecraft:stone_bricks":276,"minecraft:oak_fence":48,"minecraft:smoker":2,"minecraft:golden_boots":2,"minecraft:oak_slab":36,"minecraft:item_frame":2,"minecraft:cauldron":1,"minecraft:crafting_table":16,"minecraft:spruce_planks":1104,"minecraft:wooden_pickaxe":1,"minecraft:baked_potato":452,"minecraft:iron_helmet":8,"minecraft:red_wool":3,"minecraft:gold_block":10,"minecraft:spruce_trapdoor":86,"minecraft:book":35,"minecraft:iron_chestplate":4,"minecraft:diamond_pickaxe":2,"minecraft:paper":198,"minecraft:charcoal":2,"minecraft:yellow_dye":8,"minecraft:stick":744,"minecraft:warped_slab":120,"minecraft:iron_ingot":602,"minecraft:snow_block":11,"minecraft:shears":1,"minecraft:light_gray_stained_glass_pane":32,"minecraft:deepslate_tile_slab":8,"minecraft:polished_andesite":232,"minecraft:cherry_planks":48,"minecraft:stone_brick_wall":36,"minecraft:spruce_button":6,"minecraft:furnace":7,"minecraft:mud_bricks":4,"minecraft:piston":1,"minecraft:oak_trapdoor":2,"minecraft:glass_pane":32,"minecraft:flint_and_steel":2,"minecraft:iron_axe":14,"minecraft:iron_hoe":2,"minecraft:minecart":2,"minecraft:cooked_beef":21,"minecraft:red_dye":3,"minecraft:smooth_sandstone_stairs":20,"minecraft:diamond_sword":1,"minecraft:powered_rail":18,"minecraft:iron_sword":13,"minecraft:smooth_sandstone":31,"minecraft:cooked_salmon":14,"minecraft:bucket":4,"minecraft:air":0,"minecraft:oak_boat":5,"minecraft:white_wool":11,"minecraft:white_dye":11,"minecraft:stonecutter":1,"minecraft:anvil":1,"minecraft:pumpkin_pie":4,"minecraft:torch":572,"minecraft:lapis_lazuli":54,"minecraft:lapis_block":21,"minecraft:diamond_chestplate":2},"minecraft:custom":{"minecraft:interact_with_crafting_table":312,"minecraft:open_barrel":267,"minecraft:bell_ring":7,"minecraft:leave_game":32,"minecraft:time_since_death":704019,"minecraft:play_time":2252352,"minecraft:deaths":8,"minecraft:jump":25222,"minecraft:enchant_item":19,"minecraft:interact_with_furnace":308,"minecraft:traded_with_villager":78,"minecraft:interact_with_cartography_table":6,"minecraft:sleep_in_bed":59,"minecraft:damage_dealt":128678,"minecraft:interact_with_smoker":75,"minecraft:horse_one_cm":4281105,"minecraft:interact_with_smithing_table":4,"minecraft:interact_with_anvil":19,"minecraft:inspect_hopper":2,"minecraft:sneak_time":64659,"minecraft:interact_with_blast_furnace":55,"minecraft:total_world_time":2252352,"minecraft:tune_noteblock":97,"minecraft:interact_with_stonecutter":7,"minecraft:time_since_rest":52576,"minecraft:swim_one_cm":384852,"minecraft:fly_one_cm":4523444,"minecraft:open_chest":1267,"minecraft:fall_one_cm":637981,"minecraft:sprint_one_cm":4164514,"minecraft:drop":322,"minecraft:play_noteblock":1,"minecraft:talked_to_villager":239,"minecraft:interact_with_brewingstand":4,"minecraft:walk_on_water_one_cm":245785,"minecraft:interact_with_loom":1,"minecraft:open_enderchest":135,"minecraft:crouch_one_cm":227534,"minecraft:mob_kills":809,"minecraft:fill_cauldron":2,"minecraft:climb_one_cm":22987,"minecraft:walk_one_cm":3415083,"minecraft:walk_under_water_one_cm":169482,"minecraft:boat_one_cm":2898759,"minecraft:damage_taken":20538,"minecraft:minecart_one_cm":2631},"minecraft:picked_up":{"minecraft:iron_chestplate":8,"minecraft:flower_pot":1,"minecraft:anvil":1,"minecraft:lead":24,"minecraft:smithing_table":3,"minecraft:stone_slab":37,"minecraft:oak_stairs":4,"minecraft:enchanted_book":1,"minecraft:brewing_stand":2,"minecraft:golden_sword":1,"minecraft:amethyst_block":39,"minecraft:string":113,"minecraft:soul_soil":3,"minecraft:shroomlight":8,"minecraft:gold_nugget":48,"minecraft:cobbled_deepslate":1194,"minecraft:spruce_planks":61,"minecraft:azalea_leaves":81,"minecraft:melon_slice":81,"minecraft:composter":2,"minecraft:cherry_log":47,"minecraft:cauldron":3,"minecraft:black_dye":1,"minecraft:stone_sword":2,"minecraft:iron_block":34,"minecraft:bookshelf":1,"minecraft:blaze_rod":44,"minecraft:iron_bars":14,"minecraft:magma_block":2,"minecraft:feather":14,"minecraft:cooked_beef":10,"minecraft:water_bucket":3,"minecraft:smoker":4,"minecraft:flint":9,"minecraft:lantern":7,"minecraft:stonecutter":3,"minecraft:rabbit":3,"minecraft:glowstone_dust":35,"minecraft:warped_wart_block":10,"minecraft:stripped_spruce_log":3,"minecraft:ink_sac":6,"minecraft:dark_oak_log":1063,"minecraft:barrel":1,"minecraft:iron_hoe":1,"minecraft:polished_andesite":3,"minecraft:deepslate":384,"minecraft:lever":2,"minecraft:deepslate_gold_ore":31,"minecraft:granite":23,"minecraft:dark_oak_fence":3,"minecraft:crimson_roots":4,"minecraft:diamond_pickaxe":9,"minecraft:mud":4,"minecraft:crafting_table":21,"minecraft:bee_nest":3,"minecraft:clay_ball":8,"minecraft:red_bed":4,"minecraft:flint_and_steel":2,"minecraft:white_carpet":21,"minecraft:iron_shovel":3,"minecraft:cartography_table":3,"minecraft:deepslate_diamond_ore":16,"minecraft:beef":59,"minecraft:poppy":6,"minecraft:spruce_slab":33,"minecraft:minecart":8,"minecraft:chest":23,"minecraft:egg":12,"minecraft:copper_ore":10,"minecraft:stone":1322,"minecraft:oak_door":2,"minecraft:amethyst_cluster":19,"minecraft:spruce_fence":20,"minecraft:fire_charge":5,"minecraft:carrot":305,"minecraft:redstone":236,"minecraft:stone_shovel":4,"minecraft:beetroot_seeds":10,"minecraft:shears":1,"minecraft:hay_block":147,"minecraft:gold_ingot":27,"minecraft:mutton":27,"minecraft:white_wool":51,"minecraft:bone_block":4,"minecraft:rail":71,"minecraft:oxeye_daisy":5,"minecraft:lapis_ore":3,"minecraft:lime_bed":2,"minecraft:yellow_dye":10,"minecraft:oak_log":305,"minecraft:paper":11,"minecraft:white_banner":3,"minecraft:apple":5,"minecraft:stone_bricks":229,"minecraft:kelp":37,"minecraft:warped_stem":510,"minecraft:stone_pickaxe":1,"minecraft:glass_bottle":3,"minecraft:iron_sword":8,"minecraft:dark_oak_slab":2,"minecraft:gravel":41,"minecraft:spruce_sapling":143,"minecraft:spruce_log":816,"minecraft:crying_obsidian":4,"minecraft:coal_ore":35,"minecraft:slime_ball":14,"minecraft:stone_axe":1,"minecraft:deepslate_redstone_ore":5,"minecraft:gray_wool":3,"minecraft:warped_roots":2,"minecraft:baked_potato":220,"minecraft:warped_nylium":6,"minecraft:melon_seeds":4,"minecraft:stripped_dark_oak_log":6,"minecraft:crimson_nylium":25,"minecraft:ender_pearl":11,"minecraft:wheat":94,"minecraft:nether_brick_fence":19,"minecraft:redstone_block":35,"minecraft:ender_chest":16,"minecraft:potion":5,"minecraft:nether_brick":10,"minecraft:stone_brick_stairs":9,"minecraft:warped_stairs":1,"minecraft:raw_copper":181,"minecraft:deepslate_lapis_ore":9,"minecraft:iron_leggings":9,"minecraft:oak_sign":3,"minecraft:smooth_stone":10,"minecraft:bucket":7,"minecraft:dark_oak_leaves":10,"minecraft:redstone_torch":2,"minecraft:cobblestone_slab":405,"minecraft:calcite":1,"minecraft:iron_pickaxe":7,"minecraft:deepslate_iron_ore":2,"minecraft:iron_boots":7,"minecraft:furnace":10,"minecraft:tipped_arrow":1,"minecraft:stick":207,"minecraft:oak_fence":9,"minecraft:torch":719,"minecraft:spruce_stairs":55,"minecraft:porkchop":14,"minecraft:pointed_dripstone":41,"minecraft:diorite":209,"minecraft:quartz_block":1,"minecraft:nether_gold_ore":1,"minecraft:cactus":1,"minecraft:rotten_flesh":146,"minecraft:deepslate_brick_stairs":2,"minecraft:obsidian":390,"minecraft:blaze_powder":8,"minecraft:cobblestone":772,"minecraft:enchanting_table":1,"minecraft:andesite":367,"minecraft:potato":885,"minecraft:tuff":199,"minecraft:smooth_sandstone_stairs":93,"minecraft:dirt":2016,"minecraft:lapis_lazuli":106,"minecraft:name_tag":3,"minecraft:glass":3,"minecraft:bone":140,"minecraft:bow":15,"minecraft:wheat_seeds":219,"minecraft:raw_gold":51,"minecraft:bell":1,"minecraft:mossy_stone_bricks":4,"minecraft:fletching_table":3,"minecraft:powered_rail":41,"minecraft:oak_planks":48,"minecraft:ghast_tear":1,"minecraft:cooked_porkchop":12,"minecraft:poisonous_potato":6,"minecraft:sand":749,"minecraft:nether_brick_stairs":1,"minecraft:grass_block":1,"minecraft:spectral_arrow":12,"minecraft:diamond":54,"minecraft:spruce_boat":29,"minecraft:bone_meal":2,"minecraft:emerald":2,"minecraft:oak_sapling":29,"minecraft:netherrack":473,"minecraft:oak_leaves":3,"minecraft:azure_bluet":4,"minecraft:splash_potion":3,"minecraft:chicken":15,"minecraft:ladder":8,"minecraft:chest_minecart":1,"minecraft:brown_mushroom":4,"minecraft:gold_block":6,"minecraft:stone_brick_wall":4,"minecraft:stone_stairs":4,"minecraft:oak_trapdoor":8,"minecraft:iron_axe":3,"minecraft:oak_boat":25,"minecraft:light_gray_wool":1,"minecraft:lectern":9,"minecraft:sugar_cane":313,"minecraft:spruce_trapdoor":21,"minecraft:phantom_membrane":1,"minecraft:dark_oak_sapling":45,"minecraft:raw_iron":194,"minecraft:flowering_azalea_leaves":40,"minecraft:note_block":1,"minecraft:light_gray_stained_glass_pane":40,"minecraft:stone_pressure_plate":1,"minecraft:dark_oak_planks":4,"minecraft:weeping_vines":3,"minecraft:arrow":137,"minecraft:nether_bricks":883,"minecraft:basalt":1,"minecraft:glow_ink_sac":8,"minecraft:crimson_stem":6,"minecraft:salmon":22,"minecraft:leather":42,"minecraft:crimson_fungus":1,"minecraft:yellow_bed":7,"minecraft:nether_wart_block":11,"minecraft:gunpowder":20,"minecraft:cooked_mutton":5,"minecraft:red_carpet":4,"minecraft:deepslate_emerald_ore":1,"minecraft:rabbit_hide":1,"minecraft:iron_ingot":51,"minecraft:soul_sand":22,"minecraft:music_disc_chirp":1,"minecraft:book":33,"minecraft:oak_slab":11,"minecraft:warped_fungus":1,"minecraft:nether_quartz_ore":33,"minecraft:pumpkin":21,"minecraft:stone_brick_slab":21,"minecraft:quartz":94,"minecraft:dandelion":13,"minecraft:dripstone_block":38,"minecraft:amethyst_shard":2,"minecraft:blast_furnace":11,"minecraft:white_bed":10,"minecraft:spruce_door":2,"minecraft:dark_oak_fence_gate":1,"minecraft:spider_eye":9,"minecraft:lime_dye":1,"minecraft:iron_helmet":7,"minecraft:cherry_sapling":8,"minecraft:black_wool":1,"minecraft:dark_oak_wood":17,"minecraft:coal":625},"minecraft:killed_by":{"minecraft:blaze":2,"minecraft:spider":1},"minecraft:dropped":{"minecraft:iron_sword":5,"minecraft:glow_ink_sac":1,"minecraft:glass_bottle":1,"minecraft:diamond":1,"minecraft:dark_oak_slab":1,"minecraft:weeping_vines":3,"minecraft:warped_roots":2,"minecraft:rail":58,"minecraft:dirt":29,"minecraft:bone_block":2,"minecraft:iron_pickaxe":5,"minecraft:bone":16,"minecraft:sugar_cane":11,"minecraft:iron_nugget":1,"minecraft:cobbled_deepslate":160,"minecraft:deepslate_brick_slab":6,"minecraft:rotten_flesh":85,"minecraft:oak_planks":4,"minecraft:dark_oak_fence_gate":1,"minecraft:salmon":3,"minecraft:ladder":1,"minecraft:beef":4,"minecraft:warped_wart_block":10,"minecraft:stone_brick_stairs":6,"minecraft:iron_ingot":43,"minecraft:golden_boots":1,"minecraft:wheat_seeds":24,"minecraft:dripstone_block":5,"minecraft:iron_helmet":2,"minecraft:feather":2,"minecraft:cobblestone":130,"minecraft:oxeye_daisy":1,"minecraft:ink_sac":1,"minecraft:potion":2,"minecraft:iron_shovel":2,"minecraft:string":8,"minecraft:smooth_sandstone":1,"minecraft:furnace":2,"minecraft:stone_sword":1,"minecraft:deepslate":44,"minecraft:chicken":4,"minecraft:white_carpet":18,"minecraft:clay_ball":4,"minecraft:iron_boots":14,"minecraft:oak_sign":1,"minecraft:shroomlight":3,"minecraft:stone":2,"minecraft:diamond_pickaxe":1,"minecraft:wooden_shovel":1,"minecraft:redstone_torch":1,"minecraft:spider_eye":7,"minecraft:bow":6,"minecraft:brown_mushroom":4,"minecraft:baked_potato":123,"minecraft:dark_oak_sapling":1,"minecraft:chest_minecart":1,"minecraft:leather":3,"minecraft:mutton":7,"minecraft:amethyst_shard":2,"minecraft:gold_ingot":39,"minecraft:gravel":14,"minecraft:smooth_sandstone_stairs":20,"minecraft:pointed_dripstone":34,"minecraft:stone_stairs":4,"minecraft:cooked_mutton":1,"minecraft:carrot":27,"minecraft:poppy":3,"minecraft:rabbit_hide":1,"minecraft:gunpowder":7,"minecraft:beetroot_seeds":10,"minecraft:melon_seeds":4,"minecraft:spruce_pressure_plate":8,"minecraft:stone_brick_wall":3,"minecraft:chainmail_boots":6,"minecraft:iron_bars":8,"minecraft:arrow":2,"minecraft:netherrack":25,"minecraft:poisonous_potato":5,"minecraft:stick":374,"minecraft:iron_block":5,"minecraft:diorite":4,"minecraft:torch":39,"minecraft:nether_wart_block":3,"minecraft:melon_slice":1,"minecraft:iron_leggings":2,"minecraft:iron_axe":2,"minecraft:bucket":2,"minecraft:dandelion":1,"minecraft:redstone":1,"minecraft:kelp":37,"minecraft:oak_trapdoor":1,"minecraft:tuff":14,"minecraft:diamond_chestplate":1,"minecraft:iron_chestplate":1,"minecraft:andesite":2,"minecraft:oak_boat":3,"minecraft:wooden_pickaxe":1},"minecraft:killed":{"minecraft:cave_spider":3,"minecraft:skeleton":66,"minecraft:chicken":12,"minecraft:salmon":23,"minecraft:iron_golem":1,"minecraft:pillager":5,"minecraft:donkey":1,"minecraft:zombie":103,"minecraft:glow_squid":1,"minecraft:cow":25,"minecraft:rabbit":2,"minecraft:wandering_trader":1,"minecraft:enderman":10,"minecraft:witch":1,"minecraft:spider":30,"minecraft:silverfish":2,"minecraft:piglin":4,"minecraft:pig":7,"minecraft:zombie_villager":4,"minecraft:creeper":15,"minecraft:sheep":21,"minecraft:stray":3,"minecraft:ghast":2,"minecraft:blaze":431,"minecraft:slime":6,"minecraft:phantom":1,"minecraft:drowned":4,"minecraft:hoglin":2,"minecraft:squid":1,"minecraft:wither_skeleton":15}},"DataVersion":3465}