{"stats":{"minecraft:used":{"minecraft:cherry_sapling":8,"minecraft:iron_shovel":174,"minecraft:spruce_slab":33,"minecraft:ladder":5,"minecraft:chest":26,"minecraft:iron_sword":1318,"minecraft:stone":11,"minecraft:bell":1,"minecraft:rotten_flesh":12,"minecraft:iron_chestplate":2,"minecraft:soul_sand":9,"minecraft:nether_bricks":388,"minecraft:carrot":179,"minecraft:tuff":34,"minecraft:snowball":1,"minecraft:obsidian":136,"minecraft:glass":14,"minecraft:spruce_boat":10,"minecraft:lava_bucket":8,"minecraft:coal_ore":1,"minecraft:lantern":28,"minecraft:iron_helmet":1,"minecraft:stone_brick_stairs":3,"minecraft:stone_bricks":123,"minecraft:golden_sword":1,"minecraft:deepslate_diamond_ore":7,"minecraft:magma_block":1,"minecraft:bow":90,"minecraft:oak_sapling":26,"minecraft:furnace":8,"minecraft:beetroot_seeds":5,"minecraft:egg":3,"minecraft:potato":345,"minecraft:diorite":34,"minecraft:oak_planks":9,"minecraft:stone_pickaxe":243,"minecraft:ender_pearl":1,"minecraft:wooden_pickaxe":6,"minecraft:sugar_cane":47,"minecraft:composter":3,"minecraft:white_wool":1,"minecraft:blast_furnace":6,"minecraft:stone_brick_wall":7,"minecraft:note_block":2,"minecraft:deepslate_iron_ore":11,"minecraft:bread":1,"minecraft:dark_oak_log":8,"minecraft:gravel":1,"minecraft:diamond_sword":1,"minecraft:smithing_table":1,"minecraft:andesite":5,"minecraft:chain":2,"minecraft:oak_boat":12,"minecraft:oak_fence":38,"minecraft:bone_meal":235,"minecraft:oak_trapdoor":2,"minecraft:iron_bars":2,"minecraft:enchanting_table":2,"minecraft:stone_sword":55,"minecraft:flint_and_steel":23,"minecraft:stone_shovel":314,"minecraft:spruce_planks":91,"minecraft:ender_chest":13,"minecraft:cooked_salmon":8,"minecraft:wooden_shovel":12,"minecraft:cooked_chicken":6,"minecraft:netherrack":192,"minecraft:torch":694,"minecraft:brewing_stand":1,"minecraft:dirt":623,"minecraft:anvil":1,"minecraft:hopper":7,"minecraft:spruce_stairs":48,"minecraft:golden_shovel":32,"minecraft:granite":7,"minecraft:spruce_fence":62,"minecraft:oak_fence_gate":1,"minecraft:nether_brick_stairs":9,"minecraft:shroomlight":1,"minecraft:iron_hoe":278,"minecraft:stone_brick_slab":28,"minecraft:dark_oak_planks":1,"minecraft:bookshelf":17,"minecraft:iron_axe":2219,"minecraft:oak_stairs":10,"minecraft:spruce_button":2,"minecraft:iron_boots":1,"minecraft:melon_seeds":4,"minecraft:goat_horn":2,"minecraft:cooked_beef":27,"minecraft:cobbled_deepslate":618,"minecraft:cherry_log":2,"minecraft:golden_axe":96,"minecraft:iron_leggings":1,"minecraft:cooked_mutton":3,"minecraft:wheat_seeds":45,"minecraft:water_bucket":163,"minecraft:lead":1,"minecraft:polished_andesite":40,"minecraft:baked_potato":244,"minecraft:cartography_table":2,"minecraft:cauldron":2,"minecraft:stonecutter":3,"minecraft:fletching_table":1,"minecraft:cobblestone_slab":166,"minecraft:spruce_fence_gate":3,"minecraft:glow_item_frame":2,"minecraft:lime_bed":2,"minecraft:crafting_table":21,"minecraft:oak_slab":38,"minecraft:red_bed":4,"minecraft:white_bed":4,"minecraft:spruce_log":279,"minecraft:smoker":6,"minecraft:oak_log":43,"minecraft:diamond_pickaxe":3536,"minecraft:iron_pickaxe":1697,"minecraft:stone_slab":106,"minecraft:spruce_trapdoor":70,"minecraft:spruce_sapling":66,"minecraft:crimson_nylium":10,"minecraft:stone_axe":65,"minecraft:cobblestone":584,"minecraft:potion":1,"minecraft:cooked_porkchop":25,"minecraft:bucket":171,"minecraft:dandelion":2,"minecraft:yellow_bed":4,"minecraft:splash_potion":1,"minecraft:smooth_stone":1},"minecraft:mined":{"minecraft:dark_oak_planks":1,"minecraft:spruce_planks":2,"minecraft:white_bed":1,"minecraft:cherry_log":48,"minecraft:potted_cactus":1,"minecraft:brewing_stand":2,"minecraft:obsidian":243,"minecraft:spruce_trapdoor":8,"minecraft:granite":17,"minecraft:stone_brick_wall":1,"minecraft:grass_block":347,"minecraft:soul_soil":1,"minecraft:composter":1,"minecraft:crimson_fungus":1,"minecraft:oak_wall_sign":1,"minecraft:oxeye_daisy":3,"minecraft:smooth_stone":10,"minecraft:weeping_vines_plant":2,"minecraft:tall_seagrass":2,"minecraft:magma_block":2,"minecraft:glowstone":11,"minecraft:iron_ore":135,"minecraft:fire":43,"minecraft:cobbled_deepslate":113,"minecraft:pumpkin":10,"minecraft:anvil":1,"minecraft:deepslate_lapis_ore":4,"minecraft:fletching_table":2,"minecraft:azure_bluet":2,"minecraft:nether_brick_stairs":1,"minecraft:enchanting_table":1,"minecraft:water_cauldron":2,"minecraft:pointed_dripstone":7,"minecraft:dirt_path":16,"minecraft:oak_stairs":4,"minecraft:iron_bars":6,"minecraft:spruce_slab":7,"minecraft:deepslate_redstone_ore":63,"minecraft:red_bed":4,"minecraft:crimson_nylium":18,"minecraft:smoker":4,"minecraft:soul_fire":2,"minecraft:torch":24,"minecraft:note_block":1,"minecraft:blast_furnace":6,"minecraft:poppy":3,"minecraft:melon":18,"minecraft:chest":16,"minecraft:nether_quartz_ore":88,"minecraft:cobblestone":115,"minecraft:oak_planks":11,"minecraft:sugar_cane":197,"minecraft:wall_torch":27,"minecraft:seagrass":1,"minecraft:nether_wart_block":9,"minecraft:wheat":47,"minecraft:warped_fungus":1,"minecraft:stone_brick_stairs":1,"minecraft:grass":403,"minecraft:oak_log":282,"minecraft:sand":66,"minecraft:dirt":365,"minecraft:red_mushroom_block":2,"minecraft:stonecutter":2,"minecraft:netherrack":325,"minecraft:oak_leaves":72,"minecraft:deepslate":1135,"minecraft:infested_deepslate":2,"minecraft:nether_gold_ore":15,"minecraft:crying_obsidian":2,"minecraft:tuff":204,"minecraft:red_carpet":2,"minecraft:dark_oak_leaves":11,"minecraft:deepslate_diamond_ore":25,"minecraft:cherry_sapling":1,"minecraft:dark_oak_log":1012,"minecraft:nether_bricks":528,"minecraft:glow_lichen":3,"minecraft:spruce_fence":14,"minecraft:weeping_vines":1,"minecraft:spruce_leaves":137,"minecraft:crimson_stem":6,"minecraft:large_fern":2,"minecraft:hay_block":79,"minecraft:oak_trapdoor":1,"minecraft:spruce_sapling":4,"minecraft:furnace":6,"minecraft:carrots":60,"minecraft:andesite":334,"minecraft:gold_block":6,"minecraft:bell":1,"minecraft:nether_brick_fence":12,"minecraft:bookshelf":10,"minecraft:potatoes":258,"minecraft:cobblestone_slab":9,"minecraft:shroomlight":3,"minecraft:deepslate_iron_ore":49,"minecraft:rail":1,"minecraft:lantern":2,"minecraft:stone":1087,"minecraft:bone_block":2,"minecraft:ender_chest":11,"minecraft:smithing_table":2,"minecraft:oak_slab":9,"minecraft:soul_sand":5,"minecraft:basalt":1,"minecraft:stone_brick_slab":1,"minecraft:dandelion":10,"minecraft:oak_fence":7,"minecraft:crafting_table":10,"minecraft:emerald_ore":1,"minecraft:stone_slab":21,"minecraft:lectern":1,"minecraft:copper_ore":40,"minecraft:tall_grass":99,"minecraft:deepslate_coal_ore":2,"minecraft:lapis_ore":17,"minecraft:deepslate_gold_ore":42,"minecraft:diorite":55,"minecraft:warped_wart_block":2,"minecraft:spruce_stairs":6,"minecraft:lime_bed":2,"minecraft:redstone_torch":1,"minecraft:white_carpet":5,"minecraft:spruce_log":557,"minecraft:bee_nest":3,"minecraft:yellow_bed":3,"minecraft:coal_ore":492,"minecraft:cherry_leaves":43,"minecraft:gravel":26,"minecraft:dripstone_block":28,"minecraft:cobweb":12,"minecraft:polished_andesite":2,"minecraft:stone_bricks":124,"minecraft:mossy_stone_bricks":4,"minecraft:gold_ore":9,"minecraft:deepslate_emerald_ore":1,"minecraft:fern":1},"minecraft:killed":{"minecraft:witch":1,"minecraft:spider":25,"minecraft:skeleton":47,"minecraft:chicken":12,"minecraft:silverfish":2,"minecraft:piglin":4,"minecraft:pig":7,"minecraft:zombie_villager":2,"minecraft:salmon":23,"minecraft:creeper":13,"minecraft:sheep":20,"minecraft:pillager":1,"minecraft:donkey":1,"minecraft:zombie":74,"minecraft:ghast":1,"minecraft:stray":3,"minecraft:glow_squid":1,"minecraft:blaze":143,"minecraft:cow":25,"minecraft:slime":6,"minecraft:drowned":2,"minecraft:rabbit":2,"minecraft:wandering_trader":1,"minecraft:hoglin":2,"minecraft:squid":1,"minecraft:wither_skeleton":9,"minecraft:enderman":4},"minecraft:crafted":{"minecraft:ender_chest":2,"minecraft:yellow_wool":3,"minecraft:oak_planks":408,"minecraft:cobblestone_slab":252,"minecraft:blaze_powder":10,"minecraft:cooked_chicken":6,"minecraft:chain":2,"minecraft:stone":64,"minecraft:bookshelf":17,"minecraft:spruce_pressure_plate":8,"minecraft:cooked_mutton":4,"minecraft:quartz_block":29,"minecraft:glass":30,"minecraft:hopper":7,"minecraft:stone_brick_slab":48,"minecraft:iron_boots":4,"minecraft:melon_seeds":2,"minecraft:chest":17,"minecraft:copper_block":10,"minecraft:ender_eye":6,"minecraft:stone_bricks":112,"minecraft:oak_fence":33,"minecraft:smoker":2,"minecraft:golden_boots":1,"minecraft:item_frame":2,"minecraft:oak_slab":24,"minecraft:cauldron":1,"minecraft:cooked_porkchop":15,"minecraft:crafting_table":13,"minecraft:spruce_planks":588,"minecraft:polished_andesite_stairs":80,"minecraft:glow_item_frame":2,"minecraft:iron_helmet":7,"minecraft:wooden_pickaxe":1,"minecraft:baked_potato":452,"minecraft:red_wool":3,"minecraft:copper_ingot":96,"minecraft:gold_block":10,"minecraft:cartography_table":1,"minecraft:stone_brick_stairs":4,"minecraft:spruce_trapdoor":64,"minecraft:iron_chestplate":4,"minecraft:book":26,"minecraft:paper":198,"minecraft:diamond_pickaxe":2,"minecraft:charcoal":2,"minecraft:yellow_dye":8,"minecraft:stick":312,"minecraft:stone_slab":126,"minecraft:iron_ingot":548,"minecraft:iron_pickaxe":9,"minecraft:iron_block":42,"minecraft:snow_block":11,"minecraft:gold_ingot":72,"minecraft:composter":2,"minecraft:spruce_fence_gate":3,"minecraft:polished_andesite":232,"minecraft:cherry_planks":48,"minecraft:stone_shovel":3,"minecraft:stone_brick_wall":6,"minecraft:iron_nugget":207,"minecraft:spruce_button":2,"minecraft:furnace":7,"minecraft:yellow_bed":1,"minecraft:bone_meal":42,"minecraft:spruce_fence":57,"minecraft:stone_stairs":4,"minecraft:flint_and_steel":1,"minecraft:lantern":25,"minecraft:spruce_stairs":44,"minecraft:iron_axe":11,"minecraft:ladder":12,"minecraft:iron_hoe":2,"minecraft:spruce_slab":42,"minecraft:stone_pickaxe":2,"minecraft:spruce_boat":1,"minecraft:redstone_block":35,"minecraft:dark_oak_planks":4,"minecraft:lead":4,"minecraft:cooked_beef":21,"minecraft:red_dye":3,"minecraft:diamond_sword":1,"minecraft:enchanting_table":1,"minecraft:iron_sword":7,"minecraft:red_bed":1,"minecraft:cooked_salmon":14,"minecraft:bucket":4,"minecraft:air":0,"minecraft:oak_fence_gate":1,"minecraft:oak_boat":4,"minecraft:white_wool":1,"minecraft:oak_stairs":8,"minecraft:iron_shovel":2,"minecraft:iron_leggings":4,"minecraft:stonecutter":1,"minecraft:white_bed":3,"minecraft:note_block":1,"minecraft:torch":572,"minecraft:nether_brick_stairs":8,"minecraft:lapis_lazuli":18,"minecraft:lapis_block":21},"minecraft:killed_by":{"minecraft:blaze":2,"minecraft:spider":1},"minecraft:broken":{"minecraft:golden_shovel":1,"minecraft:golden_leggings":1,"minecraft:stone_pickaxe":1,"minecraft:golden_sword":1,"minecraft:stone_axe":1,"minecraft:iron_sword":3,"minecraft:stone_shovel":2,"minecraft:iron_axe":7,"minecraft:iron_pickaxe":5,"minecraft:iron_helmet":2},"minecraft:dropped":{"minecraft:iron_sword":3,"minecraft:baked_potato":123,"minecraft:glow_ink_sac":1,"minecraft:diamond":1,"minecraft:weeping_vines":3,"minecraft:leather":3,"minecraft:chest_minecart":1,"minecraft:rail":58,"minecraft:dirt":28,"minecraft:mutton":7,"minecraft:bone_block":2,"minecraft:iron_pickaxe":5,"minecraft:bone":2,"minecraft:gold_ingot":39,"minecraft:gravel":14,"minecraft:sugar_cane":10,"minecraft:cobbled_deepslate":160,"minecraft:pointed_dripstone":34,"minecraft:rotten_flesh":40,"minecraft:oak_planks":4,"minecraft:stone_stairs":4,"minecraft:cooked_mutton":1,"minecraft:salmon":3,"minecraft:carrot":14,"minecraft:rabbit_hide":1,"minecraft:gunpowder":2,"minecraft:beetroot_seeds":10,"minecraft:melon_seeds":4,"minecraft:spruce_pressure_plate":8,"minecraft:iron_bars":8,"minecraft:beef":4,"minecraft:stone_brick_stairs":6,"minecraft:netherrack":8,"minecraft:golden_boots":1,"minecraft:iron_ingot":19,"minecraft:wheat_seeds":11,"minecraft:dripstone_block":5,"minecraft:poisonous_potato":5,"minecraft:iron_helmet":2,"minecraft:feather":2,"minecraft:cobblestone":130,"minecraft:stick":17,"minecraft:oxeye_daisy":1,"minecraft:iron_block":2,"minecraft:diorite":4,"minecraft:torch":39,"minecraft:nether_wart_block":3,"minecraft:melon_slice":1,"minecraft:iron_leggings":2,"minecraft:iron_axe":2,"minecraft:iron_shovel":1,"minecraft:string":4,"minecraft:bucket":2,"minecraft:dandelion":1,"minecraft:furnace":2,"minecraft:kelp":37,"minecraft:oak_trapdoor":1,"minecraft:stone_sword":1,"minecraft:tuff":13,"minecraft:chicken":4,"minecraft:white_carpet":18,"minecraft:clay_ball":4,"minecraft:iron_boots":1,"minecraft:oak_sign":1,"minecraft:shroomlight":2,"minecraft:stone":1,"minecraft:iron_chestplate":1,"minecraft:andesite":2,"minecraft:oak_boat":3,"minecraft:wooden_shovel":1,"minecraft:redstone_torch":1,"minecraft:spider_eye":4,"minecraft:bow":6,"minecraft:wooden_pickaxe":1},"minecraft:picked_up":{"minecraft:iron_chestplate":6,"minecraft:wheat":44,"minecraft:anvil":1,"minecraft:redstone_block":35,"minecraft:ender_chest":12,"minecraft:nether_brick_fence":19,"minecraft:flower_pot":1,"minecraft:stone_slab":5,"minecraft:smithing_table":3,"minecraft:lead":24,"minecraft:oak_stairs":4,"minecraft:enchanted_book":1,"minecraft:potion":3,"minecraft:nether_brick":10,"minecraft:stone_brick_stairs":9,"minecraft:brewing_stand":2,"minecraft:golden_sword":1,"minecraft:string":67,"minecraft:soul_soil":3,"minecraft:raw_copper":181,"minecraft:deepslate_lapis_ore":1,"minecraft:iron_leggings":7,"minecraft:oak_sign":3,"minecraft:shroomlight":7,"minecraft:smooth_stone":10,"minecraft:gold_nugget":48,"minecraft:cobbled_deepslate":1184,"minecraft:bucket":4,"minecraft:spruce_planks":3,"minecraft:redstone_torch":2,"minecraft:cobblestone_slab":405,"minecraft:iron_pickaxe":5,"minecraft:melon_slice":81,"minecraft:deepslate_iron_ore":2,"minecraft:iron_boots":6,"minecraft:furnace":8,"minecraft:tipped_arrow":1,"minecraft:stick":100,"minecraft:composter":1,"minecraft:oak_fence":9,"minecraft:torch":657,"minecraft:spruce_stairs":20,"minecraft:porkchop":14,"minecraft:cherry_log":47,"minecraft:pointed_dripstone":41,"minecraft:diorite":209,"minecraft:cauldron":3,"minecraft:black_dye":1,"minecraft:quartz_block":1,"minecraft:stone_sword":2,"minecraft:nether_gold_ore":1,"minecraft:cactus":1,"minecraft:rotten_flesh":100,"minecraft:iron_block":16,"minecraft:blaze_rod":44,"minecraft:obsidian":316,"minecraft:iron_bars":14,"minecraft:blaze_powder":8,"minecraft:cobblestone":762,"minecraft:enchanting_table":1,"minecraft:magma_block":2,"minecraft:feather":14,"minecraft:cooked_beef":10,"minecraft:water_bucket":2,"minecraft:andesite":332,"minecraft:smoker":4,"minecraft:potato":885,"minecraft:flint":7,"minecraft:tuff":193,"minecraft:lapis_lazuli":106,"minecraft:dirt":1013,"minecraft:lantern":6,"minecraft:name_tag":3,"minecraft:bone":96,"minecraft:stonecutter":2,"minecraft:bow":15,"minecraft:wheat_seeds":198,"minecraft:raw_gold":51,"minecraft:bell":1,"minecraft:mossy_stone_bricks":4,"minecraft:fletching_table":3,"minecraft:rabbit":3,"minecraft:glowstone_dust":35,"minecraft:oak_planks":36,"minecraft:cooked_porkchop":12,"minecraft:poisonous_potato":6,"minecraft:sand":66,"minecraft:nether_brick_stairs":1,"minecraft:ink_sac":5,"minecraft:grass_block":1,"minecraft:spectral_arrow":12,"minecraft:dark_oak_log":1033,"minecraft:iron_hoe":1,"minecraft:polished_andesite":2,"minecraft:deepslate":128,"minecraft:diamond":31,"minecraft:spruce_boat":10,"minecraft:granite":23,"minecraft:bone_meal":2,"minecraft:emerald":1,"minecraft:oak_sapling":29,"minecraft:netherrack":456,"minecraft:crimson_roots":4,"minecraft:diamond_pickaxe":6,"minecraft:crafting_table":13,"minecraft:bee_nest":3,"minecraft:azure_bluet":4,"minecraft:splash_potion":3,"minecraft:chicken":15,"minecraft:clay_ball":8,"minecraft:chest_minecart":1,"minecraft:brown_mushroom":2,"minecraft:stone_brick_wall":1,"minecraft:gold_block":6,"minecraft:oak_trapdoor":3,"minecraft:red_bed":4,"minecraft:stone_stairs":4,"minecraft:iron_axe":1,"minecraft:flint_and_steel":2,"minecraft:white_carpet":21,"minecraft:iron_shovel":2,"minecraft:cartography_table":1,"minecraft:deepslate_diamond_ore":3,"minecraft:beef":59,"minecraft:oak_boat":14,"minecraft:poppy":3,"minecraft:light_gray_wool":1,"minecraft:spruce_slab":31,"minecraft:lectern":2,"minecraft:sugar_cane":312,"minecraft:chest":16,"minecraft:spruce_trapdoor":8,"minecraft:egg":11,"minecraft:dark_oak_sapling":44,"minecraft:raw_iron":191,"minecraft:stone":673,"minecraft:oak_door":1,"minecraft:note_block":1,"minecraft:spruce_fence":11,"minecraft:fire_charge":5,"minecraft:carrot":196,"minecraft:redstone":235,"minecraft:dark_oak_planks":1,"minecraft:arrow":115,"minecraft:weeping_vines":3,"minecraft:stone_shovel":4,"minecraft:beetroot_seeds":10,"minecraft:nether_bricks":858,"minecraft:hay_block":79,"minecraft:gold_ingot":27,"minecraft:mutton":26,"minecraft:white_wool":31,"minecraft:bone_block":4,"minecraft:rail":30,"minecraft:oxeye_daisy":5,"minecraft:lapis_ore":3,"minecraft:lime_bed":2,"minecraft:basalt":1,"minecraft:glow_ink_sac":8,"minecraft:crimson_stem":6,"minecraft:salmon":22,"minecraft:leather":42,"minecraft:yellow_dye":10,"minecraft:crimson_fungus":1,"minecraft:oak_log":293,"minecraft:yellow_bed":3,"minecraft:nether_wart_block":11,"minecraft:gunpowder":18,"minecraft:paper":11,"minecraft:cooked_mutton":5,"minecraft:red_carpet":4,"minecraft:apple":5,"minecraft:stone_bricks":157,"minecraft:kelp":37,"minecraft:deepslate_emerald_ore":1,"minecraft:rabbit_hide":1,"minecraft:iron_ingot":33,"minecraft:stone_pickaxe":1,"minecraft:glass_bottle":2,"minecraft:iron_sword":6,"minecraft:soul_sand":22,"minecraft:music_disc_chirp":1,"minecraft:book":33,"minecraft:oak_slab":11,"minecraft:warped_fungus":1,"minecraft:pumpkin":8,"minecraft:quartz":94,"minecraft:dandelion":13,"minecraft:dripstone_block":38,"minecraft:gravel":29,"minecraft:spruce_sapling":79,"minecraft:blast_furnace":7,"minecraft:white_bed":1,"minecraft:spruce_log":612,"minecraft:crying_obsidian":4,"minecraft:spider_eye":6,"minecraft:lime_dye":1,"minecraft:coal_ore":15,"minecraft:slime_ball":14,"minecraft:stone_axe":1,"minecraft:iron_helmet":6,"minecraft:deepslate_redstone_ore":3,"minecraft:cherry_sapling":8,"minecraft:gray_wool":3,"minecraft:baked_potato":186,"minecraft:melon_seeds":4,"minecraft:black_wool":1,"minecraft:crimson_nylium":25,"minecraft:coal":532,"minecraft:ender_pearl":8},"minecraft:custom":{"minecraft:interact_with_crafting_table":206,"minecraft:open_barrel":174,"minecraft:bell_ring":7,"minecraft:leave_game":16,"minecraft:time_since_death":83917,"minecraft:sprint_one_cm":2888569,"minecraft:drop":215,"minecraft:play_noteblock":1,"minecraft:talked_to_villager":50,"minecraft:play_time":1535216,"minecraft:deaths":7,"minecraft:jump":17369,"minecraft:interact_with_brewingstand":4,"minecraft:walk_on_water_one_cm":198314,"minecraft:enchant_item":8,"minecraft:interact_with_furnace":279,"minecraft:interact_with_cartography_table":6,"minecraft:interact_with_loom":1,"minecraft:sleep_in_bed":42,"minecraft:open_enderchest":72,"minecraft:damage_dealt":59790,"minecraft:crouch_one_cm":146675,"minecraft:interact_with_smoker":75,"minecraft:horse_one_cm":4274390,"minecraft:interact_with_smithing_table":4,"minecraft:interact_with_anvil":11,"minecraft:mob_kills":437,"minecraft:inspect_hopper":2,"minecraft:fill_cauldron":2,"minecraft:climb_one_cm":14095,"minecraft:walk_one_cm":2269619,"minecraft:sneak_time":39052,"minecraft:walk_under_water_one_cm":159487,"minecraft:boat_one_cm":1789576,"minecraft:interact_with_blast_furnace":52,"minecraft:total_world_time":1535216,"minecraft:tune_noteblock":97,"minecraft:interact_with_stonecutter":3,"minecraft:time_since_rest":11154,"minecraft:damage_taken":15028,"minecraft:swim_one_cm":302769,"minecraft:fly_one_cm":3143166,"minecraft:open_chest":952,"minecraft:fall_one_cm":467416}},"DataVersion":3465}