{"stats":{"minecraft:crafted":{"minecraft:yellow_wool":3,"minecraft:oak_planks":328,"minecraft:cooked_chicken":6,"minecraft:stone":64,"minecraft:bookshelf":17,"minecraft:cooked_mutton":4,"minecraft:quartz_block":29,"minecraft:iron_boots":3,"minecraft:melon_seeds":2,"minecraft:chest":3,"minecraft:copper_block":10,"minecraft:stone_bricks":76,"minecraft:oak_fence":33,"minecraft:golden_boots":1,"minecraft:smoker":2,"minecraft:item_frame":2,"minecraft:oak_slab":24,"minecraft:cooked_porkchop":15,"minecraft:crafting_table":6,"minecraft:spruce_planks":20,"minecraft:polished_andesite_stairs":80,"minecraft:glow_item_frame":2,"minecraft:iron_helmet":4,"minecraft:baked_potato":452,"minecraft:red_wool":3,"minecraft:copper_ingot":96,"minecraft:gold_block":10,"minecraft:iron_chestplate":3,"minecraft:book":26,"minecraft:diamond_pickaxe":2,"minecraft:paper":165,"minecraft:charcoal":2,"minecraft:yellow_dye":8,"minecraft:stick":200,"minecraft:iron_ingot":438,"minecraft:iron_pickaxe":8,"minecraft:iron_block":42,"minecraft:snow_block":11,"minecraft:gold_ingot":72,"minecraft:polished_andesite":232,"minecraft:cherry_planks":4,"minecraft:furnace":6,"minecraft:yellow_bed":1,"minecraft:bone_meal":42,"minecraft:flint_and_steel":1,"minecraft:iron_axe":8,"minecraft:iron_hoe":1,"minecraft:stone_pickaxe":2,"minecraft:redstone_block":35,"minecraft:dark_oak_planks":4,"minecraft:lead":4,"minecraft:cooked_beef":21,"minecraft:red_dye":3,"minecraft:enchanting_table":1,"minecraft:iron_sword":5,"minecraft:red_bed":1,"minecraft:cooked_salmon":14,"minecraft:bucket":1,"minecraft:air":0,"minecraft:oak_fence_gate":1,"minecraft:oak_boat":3,"minecraft:oak_stairs":8,"minecraft:iron_shovel":1,"minecraft:iron_leggings":3,"minecraft:white_bed":3,"minecraft:note_block":1,"minecraft:torch":556,"minecraft:lapis_block":21,"minecraft:lapis_lazuli":18},"minecraft:used":{"minecraft:cherry_sapling":8,"minecraft:iron_shovel":45,"minecraft:chest":18,"minecraft:iron_sword":775,"minecraft:rotten_flesh":9,"minecraft:iron_chestplate":1,"minecraft:soul_sand":3,"minecraft:nether_bricks":12,"minecraft:tuff":33,"minecraft:snowball":1,"minecraft:obsidian":102,"minecraft:lava_bucket":4,"minecraft:lantern":3,"minecraft:iron_helmet":1,"minecraft:stone_bricks":82,"minecraft:magma_block":1,"minecraft:bow":57,"minecraft:oak_sapling":26,"minecraft:furnace":7,"minecraft:beetroot_seeds":5,"minecraft:egg":2,"minecraft:potato":345,"minecraft:oak_planks":9,"minecraft:stone_pickaxe":243,"minecraft:ender_pearl":1,"minecraft:sugar_cane":47,"minecraft:blast_furnace":6,"minecraft:note_block":2,"minecraft:dark_oak_log":8,"minecraft:bread":1,"minecraft:gravel":1,"minecraft:smithing_table":1,"minecraft:andesite":5,"minecraft:oak_boat":11,"minecraft:bone_meal":43,"minecraft:oak_fence":37,"minecraft:oak_trapdoor":2,"minecraft:iron_bars":2,"minecraft:enchanting_table":2,"minecraft:stone_sword":55,"minecraft:flint_and_steel":21,"minecraft:stone_shovel":118,"minecraft:spruce_planks":1,"minecraft:cooked_salmon":8,"minecraft:wooden_shovel":12,"minecraft:cooked_chicken":6,"minecraft:netherrack":28,"minecraft:torch":573,"minecraft:brewing_stand":1,"minecraft:dirt":185,"minecraft:anvil":1,"minecraft:granite":7,"minecraft:oak_fence_gate":1,"minecraft:shroomlight":1,"minecraft:iron_hoe":95,"minecraft:dark_oak_planks":1,"minecraft:bookshelf":17,"minecraft:iron_axe":1545,"minecraft:oak_stairs":10,"minecraft:iron_boots":1,"minecraft:melon_seeds":4,"minecraft:goat_horn":2,"minecraft:cooked_beef":19,"minecraft:cobbled_deepslate":310,"minecraft:cherry_log":2,"minecraft:golden_axe":96,"minecraft:iron_leggings":1,"minecraft:cooked_mutton":3,"minecraft:wheat_seeds":44,"minecraft:water_bucket":83,"minecraft:lead":1,"minecraft:polished_andesite":1,"minecraft:baked_potato":137,"minecraft:fletching_table":1,"minecraft:glow_item_frame":2,"minecraft:oak_slab":38,"minecraft:lime_bed":1,"minecraft:crafting_table":9,"minecraft:red_bed":4,"minecraft:white_bed":4,"minecraft:spruce_log":6,"minecraft:smoker":6,"minecraft:oak_log":43,"minecraft:diamond_pickaxe":2305,"minecraft:iron_pickaxe":1449,"minecraft:stone_axe":65,"minecraft:cobblestone":544,"minecraft:cooked_porkchop":25,"minecraft:bucket":88,"minecraft:yellow_bed":4,"minecraft:dandelion":1,"minecraft:smooth_stone":1},"minecraft:mined":{"minecraft:dark_oak_planks":1,"minecraft:spruce_planks":1,"minecraft:white_bed":1,"minecraft:cherry_log":48,"minecraft:potted_cactus":1,"minecraft:brewing_stand":2,"minecraft:obsidian":243,"minecraft:granite":17,"minecraft:grass_block":149,"minecraft:soul_soil":1,"minecraft:crimson_fungus":1,"minecraft:oak_wall_sign":1,"minecraft:oxeye_daisy":3,"minecraft:smooth_stone":10,"minecraft:weeping_vines_plant":1,"minecraft:tall_seagrass":2,"minecraft:magma_block":2,"minecraft:glowstone":11,"minecraft:iron_ore":135,"minecraft:cobbled_deepslate":45,"minecraft:fire":11,"minecraft:pumpkin":10,"minecraft:anvil":1,"minecraft:deepslate_lapis_ore":4,"minecraft:fletching_table":2,"minecraft:azure_bluet":2,"minecraft:enchanting_table":1,"minecraft:pointed_dripstone":7,"minecraft:water_cauldron":1,"minecraft:oak_stairs":4,"minecraft:iron_bars":6,"minecraft:deepslate_redstone_ore":63,"minecraft:red_bed":4,"minecraft:smoker":4,"minecraft:crimson_nylium":3,"minecraft:soul_fire":2,"minecraft:torch":11,"minecraft:note_block":1,"minecraft:blast_furnace":6,"minecraft:poppy":3,"minecraft:melon":18,"minecraft:chest":15,"minecraft:nether_quartz_ore":88,"minecraft:cobblestone":54,"minecraft:oak_planks":11,"minecraft:sugar_cane":176,"minecraft:wall_torch":12,"minecraft:seagrass":1,"minecraft:nether_wart_block":8,"minecraft:wheat":45,"minecraft:warped_fungus":1,"minecraft:grass":277,"minecraft:oak_log":272,"minecraft:dirt":162,"minecraft:red_mushroom_block":2,"minecraft:netherrack":128,"minecraft:oak_leaves":65,"minecraft:deepslate":1135,"minecraft:infested_deepslate":2,"minecraft:nether_gold_ore":14,"minecraft:crying_obsidian":2,"minecraft:tuff":172,"minecraft:red_carpet":2,"minecraft:dark_oak_leaves":11,"minecraft:deepslate_diamond_ore":18,"minecraft:cherry_sapling":1,"minecraft:dark_oak_log":1012,"minecraft:glow_lichen":3,"minecraft:nether_bricks":43,"minecraft:weeping_vines":1,"minecraft:spruce_leaves":66,"minecraft:crimson_stem":6,"minecraft:hay_block":79,"minecraft:oak_trapdoor":1,"minecraft:furnace":6,"minecraft:andesite":334,"minecraft:gold_block":6,"minecraft:bookshelf":10,"minecraft:potatoes":258,"minecraft:shroomlight":3,"minecraft:deepslate_iron_ore":38,"minecraft:rail":1,"minecraft:lantern":2,"minecraft:stone":640,"minecraft:bone_block":2,"minecraft:smithing_table":2,"minecraft:oak_slab":9,"minecraft:soul_sand":3,"minecraft:basalt":1,"minecraft:dandelion":9,"minecraft:oak_fence":6,"minecraft:crafting_table":3,"minecraft:emerald_ore":1,"minecraft:lectern":1,"minecraft:copper_ore":40,"minecraft:tall_grass":53,"minecraft:deepslate_coal_ore":2,"minecraft:lapis_ore":17,"minecraft:deepslate_gold_ore":42,"minecraft:diorite":47,"minecraft:warped_wart_block":2,"minecraft:lime_bed":1,"minecraft:redstone_torch":1,"minecraft:white_carpet":5,"minecraft:spruce_log":191,"minecraft:bee_nest":3,"minecraft:yellow_bed":3,"minecraft:coal_ore":487,"minecraft:cherry_leaves":43,"minecraft:gravel":18,"minecraft:dripstone_block":28,"minecraft:cobweb":12,"minecraft:polished_andesite":1,"minecraft:stone_bricks":52,"minecraft:mossy_stone_bricks":4,"minecraft:gold_ore":9,"minecraft:deepslate_emerald_ore":1},"minecraft:broken":{"minecraft:golden_leggings":1,"minecraft:stone_pickaxe":1,"minecraft:stone_axe":1,"minecraft:iron_sword":3,"minecraft:stone_shovel":1,"minecraft:iron_axe":5,"minecraft:iron_pickaxe":4,"minecraft:iron_helmet":1},"minecraft:custom":{"minecraft:interact_with_crafting_table":137,"minecraft:open_barrel":106,"minecraft:bell_ring":6,"minecraft:leave_game":9,"minecraft:time_since_death":5579,"minecraft:sprint_one_cm":2162772,"minecraft:drop":195,"minecraft:play_noteblock":1,"minecraft:talked_to_villager":23,"minecraft:play_time":1096431,"minecraft:deaths":2,"minecraft:jump":13370,"minecraft:interact_with_brewingstand":4,"minecraft:walk_on_water_one_cm":150925,"minecraft:enchant_item":8,"minecraft:interact_with_furnace":262,"minecraft:interact_with_loom":1,"minecraft:sleep_in_bed":27,"minecraft:damage_dealt":35824,"minecraft:crouch_one_cm":81548,"minecraft:interact_with_smoker":75,"minecraft:horse_one_cm":4204095,"minecraft:interact_with_smithing_table":3,"minecraft:interact_with_anvil":10,"minecraft:mob_kills":273,"minecraft:climb_one_cm":6570,"minecraft:walk_one_cm":1476923,"minecraft:sneak_time":20153,"minecraft:walk_under_water_one_cm":158084,"minecraft:boat_one_cm":1287050,"minecraft:interact_with_blast_furnace":37,"minecraft:total_world_time":1096431,"minecraft:tune_noteblock":97,"minecraft:time_since_rest":5631,"minecraft:damage_taken":8533,"minecraft:swim_one_cm":292554,"minecraft:fly_one_cm":2420083,"minecraft:open_chest":694,"minecraft:fall_one_cm":346259},"minecraft:killed":{"minecraft:witch":1,"minecraft:spider":22,"minecraft:skeleton":47,"minecraft:chicken":12,"minecraft:silverfish":2,"minecraft:pig":7,"minecraft:zombie_villager":2,"minecraft:salmon":23,"minecraft:creeper":10,"minecraft:sheep":20,"minecraft:pillager":1,"minecraft:zombie":62,"minecraft:donkey":1,"minecraft:stray":3,"minecraft:ghast":1,"minecraft:glow_squid":1,"minecraft:blaze":9,"minecraft:cow":25,"minecraft:slime":6,"minecraft:rabbit":2,"minecraft:wandering_trader":1,"minecraft:hoglin":1,"minecraft:squid":1,"minecraft:wither_skeleton":5,"minecraft:enderman":3},"minecraft:picked_up":{"minecraft:iron_chestplate":2,"minecraft:wheat":44,"minecraft:redstone_block":35,"minecraft:flower_pot":1,"minecraft:anvil":1,"minecraft:smithing_table":3,"minecraft:lead":21,"minecraft:oak_stairs":4,"minecraft:potion":3,"minecraft:enchanted_book":1,"minecraft:nether_brick":10,"minecraft:stone_brick_stairs":6,"minecraft:brewing_stand":2,"minecraft:string":48,"minecraft:soul_soil":3,"minecraft:raw_copper":181,"minecraft:deepslate_lapis_ore":1,"minecraft:iron_leggings":3,"minecraft:shroomlight":7,"minecraft:oak_sign":3,"minecraft:cobbled_deepslate":867,"minecraft:gold_nugget":48,"minecraft:smooth_stone":10,"minecraft:bucket":2,"minecraft:spruce_planks":1,"minecraft:redstone_torch":2,"minecraft:iron_pickaxe":5,"minecraft:melon_slice":81,"minecraft:deepslate_iron_ore":2,"minecraft:iron_boots":2,"minecraft:furnace":8,"minecraft:tipped_arrow":1,"minecraft:stick":54,"minecraft:oak_fence":8,"minecraft:torch":234,"minecraft:porkchop":14,"minecraft:cherry_log":47,"minecraft:pointed_dripstone":41,"minecraft:diorite":16,"minecraft:cauldron":2,"minecraft:black_dye":1,"minecraft:quartz_block":1,"minecraft:stone_sword":2,"minecraft:cactus":1,"minecraft:rotten_flesh":80,"minecraft:iron_block":16,"minecraft:blaze_rod":2,"minecraft:obsidian":316,"minecraft:iron_bars":14,"minecraft:cobblestone":634,"minecraft:enchanting_table":1,"minecraft:magma_block":2,"minecraft:feather":14,"minecraft:cooked_beef":10,"minecraft:water_bucket":2,"minecraft:andesite":332,"minecraft:smoker":4,"minecraft:potato":885,"minecraft:flint":7,"minecraft:tuff":141,"minecraft:lapis_lazuli":106,"minecraft:dirt":427,"minecraft:lantern":5,"minecraft:name_tag":3,"minecraft:bone":65,"minecraft:bow":9,"minecraft:wheat_seeds":174,"minecraft:raw_gold":51,"minecraft:mossy_stone_bricks":4,"minecraft:fletching_table":3,"minecraft:rabbit":3,"minecraft:glowstone_dust":35,"minecraft:oak_planks":20,"minecraft:cooked_porkchop":12,"minecraft:poisonous_potato":6,"minecraft:ink_sac":5,"minecraft:grass_block":1,"minecraft:spectral_arrow":12,"minecraft:dark_oak_log":1033,"minecraft:polished_andesite":1,"minecraft:deepslate":128,"minecraft:diamond":15,"minecraft:granite":23,"minecraft:bone_meal":2,"minecraft:emerald":1,"minecraft:oak_sapling":26,"minecraft:netherrack":128,"minecraft:diamond_pickaxe":1,"minecraft:crafting_table":3,"minecraft:bee_nest":3,"minecraft:azure_bluet":4,"minecraft:splash_potion":3,"minecraft:chicken":15,"minecraft:clay_ball":8,"minecraft:chest_minecart":1,"minecraft:gold_block":6,"minecraft:red_bed":4,"minecraft:oak_trapdoor":3,"minecraft:iron_axe":1,"minecraft:flint_and_steel":1,"minecraft:white_carpet":21,"minecraft:iron_shovel":1,"minecraft:cartography_table":1,"minecraft:deepslate_diamond_ore":3,"minecraft:beef":59,"minecraft:oak_boat":13,"minecraft:poppy":3,"minecraft:light_gray_wool":1,"minecraft:lectern":2,"minecraft:sugar_cane":277,"minecraft:chest":15,"minecraft:egg":10,"minecraft:dark_oak_sapling":44,"minecraft:raw_iron":171,"minecraft:stone":81,"minecraft:oak_door":1,"minecraft:note_block":1,"minecraft:fire_charge":5,"minecraft:carrot":2,"minecraft:redstone":235,"minecraft:dark_oak_planks":1,"minecraft:arrow":91,"minecraft:weeping_vines":3,"minecraft:stone_shovel":2,"minecraft:beetroot_seeds":10,"minecraft:nether_bricks":39,"minecraft:hay_block":79,"minecraft:gold_ingot":27,"minecraft:mutton":26,"minecraft:bone_block":4,"minecraft:rail":30,"minecraft:white_wool":31,"minecraft:oxeye_daisy":5,"minecraft:lapis_ore":3,"minecraft:lime_bed":1,"minecraft:basalt":1,"minecraft:glow_ink_sac":8,"minecraft:crimson_stem":6,"minecraft:salmon":22,"minecraft:leather":42,"minecraft:yellow_dye":10,"minecraft:crimson_fungus":1,"minecraft:oak_log":282,"minecraft:yellow_bed":3,"minecraft:nether_wart_block":10,"minecraft:gunpowder":16,"minecraft:paper":11,"minecraft:cooked_mutton":5,"minecraft:red_carpet":4,"minecraft:apple":5,"minecraft:stone_bricks":79,"minecraft:kelp":37,"minecraft:deepslate_emerald_ore":1,"minecraft:rabbit_hide":1,"minecraft:iron_ingot":22,"minecraft:stone_pickaxe":1,"minecraft:iron_sword":3,"minecraft:soul_sand":20,"minecraft:music_disc_chirp":1,"minecraft:book":33,"minecraft:oak_slab":11,"minecraft:warped_fungus":1,"minecraft:pumpkin":8,"minecraft:quartz":94,"minecraft:dandelion":10,"minecraft:dripstone_block":38,"minecraft:gravel":20,"minecraft:spruce_sapling":1,"minecraft:blast_furnace":7,"minecraft:white_bed":1,"minecraft:spruce_log":250,"minecraft:crying_obsidian":4,"minecraft:spider_eye":6,"minecraft:lime_dye":1,"minecraft:coal_ore":7,"minecraft:slime_ball":14,"minecraft:stone_axe":1,"minecraft:iron_helmet":2,"minecraft:deepslate_redstone_ore":3,"minecraft:cherry_sapling":8,"minecraft:gray_wool":3,"minecraft:baked_potato":56,"minecraft:melon_seeds":4,"minecraft:black_wool":1,"minecraft:coal":531,"minecraft:ender_pearl":8},"minecraft:dropped":{"minecraft:iron_sword":2,"minecraft:baked_potato":123,"minecraft:glow_ink_sac":1,"minecraft:diamond":1,"minecraft:weeping_vines":3,"minecraft:chest_minecart":1,"minecraft:leather":3,"minecraft:rail":58,"minecraft:dirt":27,"minecraft:mutton":7,"minecraft:bone_block":2,"minecraft:iron_pickaxe":5,"minecraft:gold_ingot":39,"minecraft:bone":2,"minecraft:gravel":14,"minecraft:sugar_cane":10,"minecraft:cobbled_deepslate":160,"minecraft:pointed_dripstone":34,"minecraft:rotten_flesh":29,"minecraft:oak_planks":4,"minecraft:cooked_mutton":1,"minecraft:salmon":3,"minecraft:rabbit_hide":1,"minecraft:gunpowder":2,"minecraft:beetroot_seeds":10,"minecraft:melon_seeds":4,"minecraft:iron_bars":8,"minecraft:beef":4,"minecraft:stone_brick_stairs":6,"minecraft:netherrack":8,"minecraft:golden_boots":1,"minecraft:iron_ingot":19,"minecraft:wheat_seeds":2,"minecraft:dripstone_block":5,"minecraft:poisonous_potato":5,"minecraft:iron_helmet":2,"minecraft:feather":2,"minecraft:cobblestone":130,"minecraft:stick":17,"minecraft:oxeye_daisy":1,"minecraft:iron_block":2,"minecraft:diorite":4,"minecraft:torch":39,"minecraft:nether_wart_block":2,"minecraft:melon_slice":1,"minecraft:iron_leggings":2,"minecraft:iron_axe":2,"minecraft:string":4,"minecraft:bucket":2,"minecraft:furnace":2,"minecraft:kelp":37,"minecraft:oak_trapdoor":1,"minecraft:stone_sword":1,"minecraft:tuff":13,"minecraft:chicken":4,"minecraft:white_carpet":18,"minecraft:clay_ball":4,"minecraft:iron_boots":1,"minecraft:oak_sign":1,"minecraft:shroomlight":2,"minecraft:stone":1,"minecraft:iron_chestplate":1,"minecraft:andesite":2,"minecraft:oak_boat":3,"minecraft:wooden_shovel":1,"minecraft:redstone_torch":1,"minecraft:spider_eye":4,"minecraft:bow":6}},"DataVersion":3465}